,return
2017-05-01,0.002644679527069146
2017-05-02,0.002948021722265268
2017-05-03,-0.002939356435643584
2017-05-04,0.0021722265321955044
2017-05-05,0.006657377302987876
2017-05-08,-0.001999384804675433
2017-05-09,-0.00030821390044688724
2017-05-10,0.0023123169415752995
2017-05-11,-0.0013841894801598358
2017-05-12,0.0012320961034959484
2017-05-15,0.005537609598523337
2017-05-16,0.0018357044515830948
2017-05-17,-0.01511681172698108
2017-05-18,0.001240310077519348
2017-05-19,0.01037472901827185
2017-05-22,0.003984674329502001
2017-05-23,0.00045794535185472653
2017-05-24,0.001983521513579502
2017-05-25,0.0030455306837215953
2017-05-26,-0.0006072567177775054
2017-05-30,-0.00045571927692544876
2017-05-31,-0.0015197568389057046
2017-06-01,0.008219178082191634
2017-06-02,0.005585748792270582
2017-06-05,-0.001050893259270325
2017-06-06,-0.002554854223023816
2017-06-07,0.0006026819346089948
2017-06-08,0.0007528986598404067
2017-06-09,-0.0034607282575983543
2017-06-12,-0.001811867733655492
2017-06-13,0.005596732718196938
2017-06-14,-0.0013537906137184295
2017-06-15,-0.00542250338906458
2017-06-16,0.00363471149477501
2017-06-19,0.005885015844273366
2017-06-20,-0.018751875187518745
2017-06-21,0.0004586454670538749
2017-06-22,-0.00015281173594117097
2017-06-23,0.001681186000305645
2017-06-26,0.0024412572474823424
2017-06-27,-0.004261796042618005
2017-06-28,0.007795781106695319
2017-06-29,-0.009100561201274225
2017-06-30,0.002449104546150327
2017-07-03,0.001221560543594348
2017-07-05,0.00015250876925420857
2017-07-06,-0.007471790179932824
2017-07-07,0.003840835765862579
2017-07-10,0.002448729721457044
2017-07-11,0.0015267175572517572
2017-07-12,0.008841463414634317
2017-07-13,0.002266545784224804
2017-07-14,0.00587969244685671
2017-07-17,-0.0011990407673860839
2017-07-18,0.0018007202881153994
2017-07-19,0.00554224086279187
2017-07-20,0.0010427528675704954
2017-07-21,-0.001339285714285767
2017-07-24,-0.0007450454477723186
2017-07-25,0.0020876826722338038
2017-07-26,0.0029761904761904665
2017-07-27,-0.0019287833827894552
2017-07-28,-0.0010405827263266756
2017-07-31,0.0011904761904761871
2017-08-01,0.003269916765755051
2017-08-02,0.0005925925925926949
2017-08-03,-0.002072845721054144
2017-08-04,0.0019287833827892275
2017-08-07,0.0008884940026654402
2017-08-08,-0.0028110667258469664
2017-08-09,-0.0011869436201782343
2017-08-10,-0.014557338086749722
2017-08-11,0.00015073861923409044
2017-08-14,0.008892238131122929
2017-08-15,-0.00134448760083661
2017-08-16,0.004637247569184707
2017-08-17,-0.013103037522334637
2017-08-18,0.0009052504526252341
2017-08-21,0.0009044317154054435
2017-08-22,0.008132530120481747
2017-08-23,-0.0016432626232446457
2017-08-24,-0.0005985335926977953
2017-08-25,0.003892798323102073
2017-08-28,-0.0008948545861298122
2017-08-29,-0.0007463800567248906
2017-08-30,0.0029877502240813728
2017-08-31,0.006106642835865366
2017-09-01,0.00236861584011838
2017-09-05,-0.007679810958499439
2017-09-06,0.004613781812769842
2017-09-07,0.0038518518518519877
2017-09-08,-0.0010330578512397644
2017-09-11,0.009159403161471447
2017-09-12,0.004098960620699807
2017-09-13,-0.0026242892549935724
2017-09-14,0.0004385323783073772
2017-09-15,0.001899473991817672
2017-09-18,0.0018958728306841478
2017-09-19,0.002037845705967983
2017-09-20,0.00043579314352127984
2017-09-21,-0.002758820967039278
2017-09-22,0.00014560279557352396
2017-09-25,-0.004221866356092419
2017-09-26,-0.002046783625730974
2017-09-27,0.0014649868151186327
2017-09-28,0.0011702750146285168
2017-09-29,0.005552308591466808
2017-10-02,0.0011624527753561942
2017-10-03,0.003918722786647277
2017-10-04,0.0007228567297961084
2017-10-05,0.003900606761051625
2017-10-06,-0.001295150381349642
2017-10-09,-0.0018731988472623258
2017-10-10,0.005630142919012636
2017-10-11,0.002583979328165449
2017-10-12,-0.0001431844215350379
2017-10-13,0.002434483746240892
2017-10-16,0.0009999999999998786
2017-10-17,-0.0009990009990008518
2017-10-18,0.0015714285714285457
2017-10-19,-0.0008557980316645747
2017-10-20,0.0038543897216274116
2017-10-23,-0.004835039817974825
2017-10-24,0.0005715918833950488
2017-10-25,-0.0035704084547272213
2017-10-26,-0.0002866561559409305
2017-10-27,0.00630824372759852
2017-10-30,-0.0015671748112266871
2017-10-31,0.003139269406392742
2017-11-01,0.0017069701280227887
2017-11-02,0.0014200511218402931
2017-11-03,0.0009926262053319146
2017-11-06,0.0028332625017708497
2017-11-07,-0.0012713660121486112
2017-11-08,0.0019801980198019815
2017-11-09,-0.004799548277809151
2017-11-10,-0.0017021276595745594
2017-11-13,-0.001420858198351693
2017-11-14,-0.0019920318725099584
2017-11-15,-0.004990019960079749
2017-11-16,0.010030090270812362
2017-11-17,-0.00156050503617533
2017-11-20,0.0019892014776925477
2017-11-21,0.0076574021554169916
2017-11-22,0.0012665353222629518
2017-11-24,0.00281096275474324
2017-11-27,-0.0036440084092500538
2017-11-28,0.007877338584892478
2017-11-29,-0.0037683182135381794
2017-11-30,0.004763239002521845
2017-12-01,-0.0025097601784717085
2017-12-04,-0.002516074923120005
2017-12-05,-0.0029428251121075277
2017-12-06,-0.001967673928320425
2017-12-07,0.0026756794817630603
2017-12-08,0.00575842696629203
2017-12-11,0.0037704231252617686
2017-12-12,-8.251385130573918e-19
2017-12-13,0.0023650528658876175
2017-12-14,-0.00513532269257444
2017-12-15,0.004045758928571396
2017-12-18,0.009170487703209718
2017-12-19,-0.012391573729863548
2017-12-20,-0.0006970584134949882
2017-12-21,0.0033482142857141897
2017-12-22,0.0011123470522802499
2017-12-26,-0.0011111111111110608
2017-12-27,0.0011123470522802492
2017-12-28,0.0022222222222221255
2017-12-29,-0.000970066518846901
2018-01-02,0.009432653627410047
2018-01-03,0.005084512848701371
2018-01-04,0.006972928630024621
2018-01-05,0.006517311608961169
2018-01-08,0.0009442870632674322
2018-01-09,0.001212938005390884
2018-01-10,-0.0022883295194507914
2018-01-11,0.006880733944953916
2018-01-12,0.007637679217473037
2018-01-16,-0.0017287234042554407
2018-01-17,0.007859331290795288
2018-01-18,-0.0013217023526300832
2018-01-19,0.004764425622022268
2018-01-22,0.007244467860906256
2018-01-23,0.0031384856806591097
2018-01-24,0.0009125277017338802
2018-01-25,-0.000911695754102757
2018-01-26,0.010819971320558097
2018-01-29,-0.008640701573381478
2018-01-30,-0.009756732145180129
2018-01-31,0.0010509721492380011
2018-02-01,-0.0006561679790025892
2018-02-02,-0.02179908076165481
2018-02-05,-0.03973687743321239
2018-02-06,0.02124982524814766
2018-02-07,-0.011635865845311396
2018-02-08,-0.03282548476454293
2018-02-09,0.01159959902620655
2018-02-12,0.013873159682899365
2018-02-13,0.0018151354370286026
2018-02-14,0.01700348432055753
2018-02-15,0.01123749486090175
2018-02-16,0.001084157744951853
2018-02-20,-0.00839312305401385
2018-02-21,-0.004368600682593816
2018-02-22,0.002056766762648987
2018-02-23,0.012452107279693479
2018-02-26,0.010677118529531121
2018-02-27,-0.01524471783899439
2018-02-28,-0.01154263986963599
2018-03-01,-0.012501717268855718
2018-03-02,0.004590984974958119
2018-03-05,0.007893643539676132
2018-03-06,0.005221214619400834
2018-03-07,-0.0006834335702569081
2018-03-08,0.003693065244152693
2018-03-09,0.012946306895611914
2018-03-12,0.00040360554284957705
2018-03-13,-0.006724045185583659
2018-03-14,-0.002030869212022768
2018-03-15,-0.0004070004070002565
2018-03-16,-0.00040716612377855754
2018-03-19,-0.010590631364562165
2018-03-20,0.0013723068478110818
2018-03-21,0.0009592983417843194
2018-03-22,-0.023685651697699945
2018-03-23,-0.01710839994390687
2018-03-26,0.023398487658724505
2018-03-27,-0.01435940331799798
2018-03-28,0.0007072135785006825
2018-03-29,0.013427561837455958
2018-04-02,-0.017806783854951262
2018-04-03,0.008820441010874825
2018-04-04,0.003138143219528836
2018-04-05,0.006314763726911618
2018-04-06,-0.013365950212892972
2018-04-09,0.007772200316953013
2018-04-10,0.01612555344606841
2018-04-11,-0.0002401628614140647
2018-04-12,0.002177921140780516
2018-04-13,-0.0012338608595909048
2018-04-16,0.0019292384522843064
2018-04-17,0.004957215133448519
2018-04-18,0.00858758353070254
2018-04-19,-0.004141690419054353
2018-04-20,-0.005667667132002792
2018-04-23,-0.0010955219059160038
2018-04-24,-0.007991357556677377
2018-04-25,0.0007007493597137282
2018-04-26,0.007058539917447348
2018-04-27,0.0011406933161361393
2018-04-30,-0.0021413739963135657
2018-05-01,-0.005694760820045382
2018-05-02,-3.1650629461877557e-18
2018-05-03,0.006300114547537201
2018-05-04,0.006829823562891411
2018-05-07,-0.0005652911249294223
2018-05-08,0.002828054298642521
2018-05-09,0.009024252679074909
2018-05-10,0.005030743432084876
2018-05-11,-0.006117908787541694
2018-05-14,0.007274762171236563
2018-05-15,0.001111111111111052
2018-05-16,0.005549389567147674
2018-05-17,0.0011037527593817894
2018-05-18,0.0005512679162071876
2018-05-21,0.007713498622589518
2018-05-22,0.0010934937124111844
2018-05-23,0.0054614964500274655
2018-05-24,-0.006518196632265155
2018-05-25,-0.014762165117550559
2018-05-29,-0.009433962264150825
2018-05-30,0.012885154061624377
2018-05-31,-0.0027654867256635698
2018-06-01,-0.00665557404326133
2018-06-04,-0.011725293132328382
2018-06-05,0.0016949152542373718
2018-06-06,0.0033840947546530603
2018-06-07,0.0039347948285552966
2018-06-08,-0.0005599104143335644
2018-06-11,-0.000560224089635963
2018-06-12,-0.0005605381165920675
2018-06-13,0.003925967470555173
2018-06-14,-0.011173184357541867
2018-06-15,-0.024293785310734423
2018-06-18,0.008685581933989705
2018-06-19,-0.010332950631458213
2018-06-20,-0.001160092807424574
2018-06-21,-0.007549361207897722
2018-06-22,0.01989467524868347
2018-06-25,-0.01147446930579453
2018-06-26,0.009866511897852473
2018-06-27,0.005172413793103508
2018-06-28,-0.0005717552887363181
2018-06-29,0.011441647597253845
2018-07-02,-0.02092760180995476
2018-07-03,-0.0011554015020219716
2018-07-05,0.0057836899942162985
2018-07-06,0.0046003450258769165
2018-07-09,0.005151688609044122
2018-07-10,-0.002277904328018217
2018-07-11,-0.0348173515981734
2018-07-12,0.005322294500295748
2018-07-13,0.0017647058823531123
2018-07-16,-0.02113916617733411
2018-07-17,0.0011997600479902685
2018-07-18,0.00898741761533837
2018-07-19,-0.001187648456057002
2018-07-20,0.007134363852556478
2018-07-23,0.0035419126328215342
2018-07-24,0.005294117647058889
2018-07-25,0.013458162668227061
2018-07-26,-2.248659776540056e-18
2018-07-27,-0.004041570438799042
2018-07-30,0.005797101449275464
2018-07-31,-0.005763688760807
2018-08-01,-0.014492753623188354
2018-08-02,0.005882352941176445
2018-08-03,0.0035087719298245727
2018-08-06,0.0017482517482518823
2018-08-07,0.0075625363583477975
2018-08-08,-0.012124711316397243
2018-08-09,-0.004091174751607246
2018-08-10,1.1405266457218872e-18
2018-08-13,-0.005281690140845005
2018-08-14,0.0017699115044247358
2018-08-15,-0.021790341578327474
2018-08-16,0.007826610475617052
2018-08-17,0.004181600955794449
2018-08-20,0.0017846519928614872
2018-08-21,0.0017814726840856814
2018-08-22,0.014226437462951925
2018-08-23,-0.00175336060783171
2018-08-24,0.0076112412177986545
2018-08-27,0.0034863451481696975
2018-08-28,-0.004053271569195104
2018-08-29,0.011046511627907032
2018-08-30,-0.0017251293847039266
2018-08-31,0.00115207373271886
2018-09-04,-0.005753739930954961
2018-09-05,-0.00405092592592593
2018-09-06,-0.005810575246949501
2018-09-07,0.0023378141437755398
2018-09-10,0.0034985422740525522
2018-09-11,0.00987797791981393
2018-09-12,0.0069044879171462625
2018-09-13,-0.010857142857142899
2018-09-14,-0.006354708261120723
2018-09-17,-0.0011627906976744429
2018-09-18,0.009313154831199098
2018-09-19,0.006343713956170615
2018-09-20,9.811726396290167e-19
2018-09-21,0.002292263610315093
2018-09-24,0.014865637507146976
2018-09-25,0.0022535211267604716
2018-09-26,-0.004496908375491771
2018-09-27,0.004517221908526103
2018-09-28,0.010118043844856706
2018-10-01,0.018920422927100698
2018-10-02,0.003276897870016613
2018-10-03,0.009254218835057042
2018-10-04,-0.010787486515641757
2018-10-05,-0.0021810250817884133
2018-10-08,-0.002732240437158467
2018-10-09,0.007123287671232823
2018-10-10,-0.01958650707290531
2018-10-11,-0.014983351831298501
2018-10-12,0.007887323943662086
2018-10-15,0.0022358859698154983
2018-10-16,0.004461795872839016
2018-10-17,-0.008883953359244851
2018-10-18,-0.011204481792717259
2018-10-19,0.005665722379603496
2018-10-22,0.00112676056338023
2018-10-23,-0.021947101857062477
2018-10-24,-0.006904487917146029
2018-10-25,0.004055619930474873
2018-10-26,0.007501442585112749
2018-10-29,-0.010309278350515415
2018-10-30,-0.005208333333333363
2018-10-31,-0.01337987201861545
2018-11-01,-0.007075471698113289
2018-11-02,-0.002375296912113911
2018-11-05,-0.0005952380952382041
2018-11-06,-0.004169148302561099
2018-11-07,-0.0023923444976076125
2018-11-08,-0.005995203836930529
2018-11-09,-0.010856453558504175
2018-11-12,-0.0024390243902439046
2018-11-13,-0.02750611246943757
2018-11-14,0.00879949717159012
2018-11-15,-0.0018691588785046953
2018-11-16,0.006242197253433224
2018-11-19,0.0
2018-11-20,-0.030397022332506185
2018-11-21,0.008317338451695466
2018-11-23,-0.029187817258883197
2018-11-26,0.004575163398692794
2018-11-27,-0.0039037085230968493
2018-11-28,-0.003265839320705455
2018-11-29,0.006553079947575258
2018-11-30,-0.004557291666666741
2018-12-03,0.005676126878130246
2018-12-04,-0.006972111553784857
2018-12-06,-0.003005683717820175
2018-12-07,-0.00402748481728765
2018-12-10,-0.0010101010101009106
2018-12-11,0.0010111223458038067
2018-12-12,0.0020202020202020336
2018-12-13,-0.0006720430107527391
2018-12-14,-0.0030262273032952767
2018-12-17,-0.002360876897133274
2018-12-18,-0.00033806626098709927
2018-12-19,-0.004396347649644915
2018-12-20,-0.002717391304347897
2018-12-21,-0.003065395095367856
2018-12-24,-0.002733173898189177
2018-12-26,0.0071942446043165124
2018-12-27,-0.02006802721088429
2018-12-28,0.004512322110378437
2018-12-31,-0.002073255010366368
2019-01-02,0.0015523696466075436
2019-01-03,0.005835156819839371
2019-01-04,-0.0020848440899201553
2019-01-07,-0.000635843400853874
2019-01-08,0.0008180330848936999
2019-01-09,0.0011806375442737793
2019-01-10,-0.0023584905660376525
2019-01-11,0.002636843062374882
2019-01-14,-0.0018137299356125742
2019-01-15,-0.00090851276460424
2019-01-16,-9.093389106129471e-05
2019-01-17,-0.0008184794470715842
2019-01-18,-0.0011832165286248515
2019-01-22,0.0006378713322399138
2019-01-23,-0.0011838630361533646
2019-01-24,0.0015499635302698158
2019-01-25,-0.0015475648611742432
2019-01-28,-0.0013676148796499816
2019-01-29,0.0029215739979913118
2019-01-30,0.005461993627674079
2019-01-31,0.005613399728383817
2019-02-01,-0.006376217851930615
2019-02-04,0.007344159623744755
2019-02-05,0.005735160233800128
2019-02-06,-0.0064696859963427325
2019-02-07,0.008251539425458128
2019-02-08,4.841832050816965e-05
2019-02-11,0.0026583504630542346
2019-02-12,-0.006241486115300188
2019-02-13,0.005029253517881979
2019-02-14,0.0032328178240225852
2019-02-15,0.006685454642401554
2019-02-19,-0.00020386675725245638
2019-02-20,-0.00619223682362433
2019-02-21,0.0008346134502701605
2019-02-22,0.005909317157846845
2019-02-25,-0.007816305647114875
2019-02-26,-0.002988475325760506
2019-02-27,-0.005060569817650461
2019-02-28,0.002558324992686822
2019-03-01,-0.003095606619835547
2019-03-04,0.004538397229189029
2019-03-05,0.0027345143264771994
2019-03-06,-0.004624140384159367
2019-03-07,-0.002144133412745772
2019-03-08,0.0010743702996300905
2019-03-11,0.014667302647269224
2019-03-12,0.0045833823010930095
2019-03-13,0.004913430042115194
2019-03-14,0.0015133876600696952
2019-03-15,-0.003138440079042178
2019-03-18,-0.005013992537313492
2019-03-19,-0.003046994023204075
2019-03-20,0.0030563065710591556
2019-03-21,0.017813195827961918
2019-03-22,-0.00725388601036269
2019-03-25,0.001275806077476238
2019-03-26,0.007992586586354596
2019-03-27,-0.0028729027809698505
2019-03-28,0.0025354385156159957
2019-03-29,-0.00091964593631455
2019-04-01,-0.0005753077896674125
2019-04-02,0.007022795302786155
2019-04-03,-0.0011432491139818928
2019-04-04,-0.0016023806798672875
2019-04-05,0.006993006993007088
2019-04-08,-0.00557832422586535
2019-04-09,-0.005266170578133832
2019-04-10,0.009207043388191892
2019-04-11,-0.0006842285323298562
2019-04-12,0.004792879150975703
2019-04-15,-0.005110732538330498
2019-04-16,-0.02260273972602733
2019-04-17,-0.009110021023125412
2019-04-18,0.007661480433757583
2019-04-22,-0.01099543806293135
2019-04-23,0.013246599645180488
2019-04-24,0.007353799463055922
2019-04-25,-0.00208574739281564
2019-04-26,0.007895959126799744
2019-04-29,-0.009792626728110543
2019-04-30,0.009540430482838811
2019-05-01,0.0008067304367869168
2019-05-02,0.0010363887609396974
2019-05-03,0.00851259634188417
2019-05-06,-0.003193794912740965
2019-05-07,-0.018079871838883155
2019-05-08,-0.001048828807831303
2019-05-09,0.0025664955669622
2019-05-10,0.010705143123109105
2019-05-13,-0.0010361501266406014
2019-05-14,0.0036879105681688635
2019-05-15,0.0067746009874842805
2019-05-16,0.003991788321167755
2019-05-17,-0.0019311598318755296
2019-05-20,-0.0144548144775779
2019-05-21,0.008546021480540398
2019-05-22,0.0029772128707203885
2019-05-23,0.0022833656810139456
2019-05-24,0.0030755211299691183
2019-05-28,-0.00987962752668636
2019-05-29,-0.013304278013533618
2019-05-30,0.00418458677205624
2019-05-31,0.0057877069105221005
2019-06-03,0.0035949705986555096
2019-06-04,-0.008171843032084208
2019-06-05,0.006767097117202535
2019-06-06,0.002606240584498483
2019-06-07,0.006312421462866508
2019-06-10,-0.006500072568006821
2019-06-11,0.0016060881132882955
2019-06-12,0.0020043909131903705
2019-06-13,0.003830545232029923
2019-06-14,0.0015839533081056822
2019-06-17,0.006007710046443857
2019-06-18,0.002142575935589846
2019-06-19,0.0033288705169902187
2019-06-20,0.0037915191981987913
2019-06-21,-0.012472306698267528
2019-06-24,0.0022592908633959847
2019-06-25,-0.005389988610817485
2019-06-26,-0.012781617864880346
2019-06-27,0.0052639961720738326
2019-06-28,0.0012416954175035518
2019-07-01,-0.0019456073145826128
2019-07-02,0.007383854153960326
2019-07-03,0.00607940621739598
2019-07-05,-0.009157152005281522
2019-07-08,0.0005566052883335538
2019-07-09,-0.00039152213329810275
2019-07-10,0.00048518288455090346
2019-07-11,-0.009822619148196834
2019-07-12,0.0005402655559022064
2019-07-15,0.0024824794071289995
2019-07-16,-0.002440459050080122
2019-07-17,0.005232711659103585
2019-07-18,0.001116180008010119
2019-07-19,-0.004896632575809053
2019-07-22,0.0018632462902913487
2019-07-23,0.0008327065138104381
2019-07-24,0.002887625264478791
2019-07-25,-0.004275374714765965
2019-07-26,0.002352812318177972
2019-07-29,0.00036412066058092997
2019-07-30,0.002312727382738185
2019-07-31,0.002188550562902714
2019-08-01,0.014146520064200918
2019-08-02,0.00834349973134434
2019-08-05,0.009771714938210442
2019-08-06,0.008601626572210289
2019-08-07,0.0022074515859212365
2019-08-08,0.0052146029742837635
2019-08-09,-0.0018367906614413035
2019-08-12,0.016109242179131428
2019-08-13,-0.002464267130851303
2019-08-14,0.015025492501899157
2019-08-15,0.010895751160632511
2019-08-16,-0.0044802063515532045
2019-08-19,-0.010088819233248607
2019-08-20,0.006876865803645904
2019-08-21,-0.004539192052134887
2019-08-22,-0.004417924545845778
2019-08-23,0.01034970017581599
2019-08-26,-0.0017494825262610793
2019-08-27,0.011816484970056286
2019-08-28,0.0016759558801428954
2019-08-29,-0.0015443931571634594
2019-08-30,0.00036734628815558967
2019-09-03,-0.00047528517110262517
2019-09-04,0.001494463691325222
2019-09-05,-0.018110289628976536
2019-09-06,0.007115225200331696
2019-09-09,-0.017765278825708216
2019-09-10,-0.017527932960893826
2019-09-11,-0.0017769564290283073
2019-09-12,-0.006550840216462459
2019-09-13,-0.02135894495412859
2019-09-16,0.012743518382891445
2019-09-17,0.0054237778420596055
2019-09-18,0.004243688412572942
2019-09-19,0.003008165019338093
2019-09-20,0.013210511282490728
2019-09-23,-0.00021143139051360587
2019-09-24,0.012054137882419042
2019-09-25,-0.014627011214041858
2019-09-26,0.0064324591786244474
2019-09-27,0.002458210422812133
2019-09-30,0.0024521824423737737
2019-10-01,0.0007290794779323156
2019-10-02,0.002116806964251387
2019-10-03,0.009148881755402858
2019-10-04,0.007317509400547619
2019-10-07,-0.007989408013149875
2019-10-08,0.0023050407684916873
2019-10-09,-0.005280255343480019
2019-10-10,-0.014087421267916487
2019-10-11,-0.011783664018642288
2019-10-14,0.0069196815280999436
2019-10-15,-0.011420619449863091
2019-10-16,0.0011603945412262556
2019-10-17,-0.0019767830883176364
2019-10-18,0.0003908481471600843
2019-10-21,-0.006746001726368935
2019-10-22,0.0053898750926426285
2019-10-23,0.001066998241694707
2019-10-24,-0.0020340161313992904
2019-10-25,-0.005073368199650198
2019-10-28,-0.008939684993054522
2019-10-29,0.0009362740994437414
2019-10-30,0.014062367897236456
2019-10-31,0.012705250747459889
2019-11-01,-0.004680340123888339
2019-11-04,-0.012981233830829256
2019-11-05,-0.011415489256928908
2019-11-06,0.005938156041386437
2019-11-07,-0.01788091860830319
2019-11-08,-0.0041543735161922385
2019-11-11,0.0007121555569150148
2019-11-12,0.004233984511875087
2019-11-13,0.00656666327275456
2019-11-14,0.010254690387408701
2019-11-15,-0.0008976508480397102
2019-11-18,0.0019040676551420844
2019-11-19,0.008138010700928684
2019-11-20,0.010029410456700825
2019-11-21,-0.00648458820384222
2019-11-22,0.0011449925234791607
2019-11-25,0.0029374400844410903
2019-11-26,0.006056935229214228
2019-11-27,-0.002685289386260819
2019-11-29,-0.0022034705753353127
2019-12-02,-0.015026349522859849
2019-12-03,0.020967392090231986
2019-12-04,-0.009985128531973619
2019-12-05,-0.004864091559370612
2019-12-06,-0.005534790109258266
2019-12-09,0.0021684134441635125
2019-12-10,7.212405337164669e-05
2019-12-11,0.007860954853598827
2019-12-12,-0.016457960644007254
2019-12-13,0.011567842851946107
2019-12-16,-0.008990218642117343
2019-12-17,-0.001378909935408899
2019-12-18,-0.008212209302325565
2019-12-19,1.041211328316437e-18
2019-12-20,0.0013189712024621594
2019-12-23,-0.0014635931211124337
2019-12-24,0.0028581898131183575
2019-12-26,0.0024115755627007757
2019-12-27,0.0010935335714807868
2019-12-30,-0.0036411302068162232
2019-12-31,-0.009793889782195626
2020-01-02,-0.0036827569471342826
2020-01-03,0.000725562469333686
2020-01-06,0.0015864882232016003
2020-01-07,-0.007980883448106418
2020-01-08,0.0037473914293916985
2020-01-09,0.001740164464982891
2020-01-10,0.003976938524128812
2020-01-13,0.010359029192972841
2020-01-14,-0.0026895893573751868
2020-01-15,0.005476066879444007
2020-01-16,0.007747516079828057
2020-01-17,0.0015955361655110973
2020-01-21,0.004040926297617952
2020-01-22,-0.003996262884194284
2020-01-23,0.005398150802848057
2020-01-24,-0.005197308056538416
2020-01-27,-0.009786250557421283
2020-01-28,0.005932202967816455
2020-01-29,-0.002395982923411499
2020-01-30,0.0004712853900507193
2020-01-31,-0.014146674365898757
2020-02-03,-0.0022492134416580633
2020-02-04,-0.012738031479171668
2020-02-05,-0.010433585707558264
2020-02-06,0.004443557421870665
2020-02-07,0.01200328216869748
2020-02-10,0.0028235647288897235
2020-02-11,-0.004792070641422263
2020-02-12,-0.004775450204233321
2020-02-13,0.003626511945191539
2020-02-14,0.0042930128654261055
2020-02-18,0.006581652066450797
2020-02-19,3.5793665085776296e-05
2020-02-20,0.007498349628424147
2020-02-21,0.008924546496207178
2020-02-24,0.013750447147540427
2020-02-25,0.004619237654684481
2020-02-26,-0.0051588389302040395
2020-02-27,0.009829427385184695
2020-02-28,0.02188018550805632
2020-03-02,-0.008821067542334669
2020-03-03,0.015525529427049531
2020-03-04,-0.010618563295592841
2020-03-05,0.02489170492015266
2020-03-06,0.05204390613171832
2020-03-09,0.027103196018468365
2020-03-10,-0.051258100297740646
2020-03-11,-0.036797735523967694
2020-03-12,0.006196895163866193
2020-03-13,-0.022603174603174597
2020-03-16,0.06476549304923997
2020-03-17,-0.06668293575742787
2020-03-18,-0.05641260295463456
2020-03-19,0.02722549359196401
2020-03-20,0.0751955759374156
2020-03-23,0.04120930816032108
2020-03-24,-0.018614457831325287
2020-03-25,-0.0022711926830766118
2020-03-26,0.0049218653869818035
2020-03-27,0.02669278804946716
2020-03-30,-0.008228980322003582
2020-03-31,-0.00811688311688308
2020-04-01,0.012547735951991174
2020-04-02,0.006345785440613045
2020-04-03,0.0023795359904819
2020-04-06,-0.00261127596439167
2020-04-07,-0.010472450315363467
2020-04-08,-0.007276007215874937
2020-04-09,0.001817190623296233
2020-04-13,-0.009129935304431841
2020-04-14,-0.00024408103490357777
2020-04-15,0.026489257812499965
2020-04-16,0.011356879533832787
2020-04-17,-0.013404668116879322
2020-04-20,0.008044812585662236
2020-04-21,0.012591629226767568
2020-04-22,-0.010216591744993876
2020-04-23,0.00530848177421261
2020-04-24,0.002346866932644965
2020-04-27,-0.018613907749941518
2020-04-28,0.011511392103065834
2020-04-29,-0.005188985199598963
2020-04-30,-0.011676841918084265
2020-05-01,0.0072568070049177005
2020-05-04,-0.004703780887168716
2020-05-05,-0.006401052883464925
2020-05-06,-0.016135829971702147
2020-05-07,0.016706443914081152
2020-05-08,-0.013001083423618602
2020-05-11,-0.007805829979265821
2020-05-12,0.010264290104486923
2020-05-13,0.006996410537202675
2020-05-14,0.009787336877718596
2020-05-15,-0.0025726935503169713
2020-05-18,-0.021954291884110112
2020-05-19,0.0037411836859857464
2020-05-20,0.0029940119760478766
2020-05-21,0.00249771550411215
2020-05-22,0.006016042780748741
2020-05-26,-0.013409845967985437
2020-05-27,-0.0018367721790241113
2020-05-28,-0.0036803042384836405
2020-05-29,0.007141537893246227
2020-06-01,-0.006152413332134305
2020-06-02,-0.0023075733673624445
2020-06-03,-0.010558045806847834
2020-06-04,-0.013623223244282362
2020-06-05,-0.0042538834489908705
2020-06-08,0.004609578277689513
2020-06-09,0.009364963789532782
2020-06-10,0.01312075487589384
2020-06-11,0.011714287787242074
2020-06-12,-0.007495228995784151
2020-06-15,0.0003544751433829639
2020-06-16,-0.012431318285370387
2020-06-17,0.003690519076854625
2020-06-18,0.009487300705748212
2020-06-19,0.0002045303924254233
2020-06-22,0.001032649136370846
2020-06-23,-0.005766834764986343
2020-06-24,0.007521667172366043
2020-06-25,0.00358944274151894
2020-06-26,0.007958001385349722
2020-06-29,-0.0018490750604267243
2020-06-30,-0.003829397520253079
2020-07-01,-0.002243209710903516
2020-07-02,0.0017241382194071095
2020-07-06,-0.0021491404125484684
2020-07-07,0.011863170739087214
2020-07-08,-0.0028013295661642704
2020-07-09,0.01405795055506995
2020-07-10,-0.003943426125749881
2020-07-13,0.00229577421998133
2020-07-14,0.0023465332168202072
2020-07-15,-0.0034481548234457722
2020-07-16,0.0038324446155693697
2020-07-17,-0.0016240991497995507
2020-07-20,0.002993415785381853
2020-07-21,0.0008086382610874866
2020-07-22,0.0030065885610898583
2020-07-23,0.009809312200708176
2020-07-24,-0.0005480059327510106
2020-07-27,-0.0024797512229093074
2020-07-28,0.005766212941464479
2020-07-29,-0.0005764039542068152
2020-07-30,0.0054884736119922865
2020-07-31,-0.0008346175406431512
2020-08-03,-0.0035101939534389346
2020-08-04,0.008843962882306999
2020-08-05,-0.006261895326187741
2020-08-06,0.005253526906902883
2020-08-07,-0.006319751670779387
2020-08-10,-0.0033457734546775033
2020-08-11,-0.010552665827354762
2020-08-12,-0.005008887913016364
2020-08-13,-0.009258293019648775
2020-08-14,-0.0036267092912339507
2020-08-17,0.0033068051380193307
2020-08-18,0.0061323415183327035
2020-08-19,-0.006115510578495221
2020-08-20,0.0076865283343139626
2020-08-21,0.005261179111973443
2020-08-24,0.0004212833629026941
2020-08-25,-0.005706544214477952
2020-08-26,-0.0017859599118330008
2020-08-27,-0.014612355149267326
2020-08-28,0.0007141744353880546
2020-08-31,0.004426664582845791
2020-09-01,0.009488449922094222
2020-09-02,0.010444585803149137
2020-09-03,-0.013234857659429552
2020-09-04,-0.01231383815142741
2020-09-08,-0.00798867718356995
2020-09-09,0.0077853612212065906
2020-09-10,-0.004350870040325387
2020-09-11,0.0028456422600710764
2020-09-14,0.005754053203880548
2020-09-15,0.0018913506879094228
2020-09-16,-0.00285255644323646
2020-09-17,-0.000985570722127226
2020-09-18,-0.006103874323902724
2020-09-21,-0.0038350532200669184
2020-09-22,0.0017775630170933836
2020-09-23,-0.008007152583126185
2020-09-24,0.0022900743131627813
2020-09-25,0.005069879114073962
2020-09-28,0.005899221832852265
2020-09-29,-0.0010414965720015094
2020-09-30,-0.002955252397145483
2020-10-01,0.003073492934537155
2020-10-02,-0.005111323304995948
2020-10-05,-0.006644494090560999
2020-10-06,-0.0005022510631830984
2020-10-07,0.00030680051984319483
2020-10-08,0.006391826147603344
2020-10-09,0.0030156941787578572
2020-10-12,0.0063379458750843585
2020-10-13,0.0020151578332961414
2020-10-14,-0.0003260928993535327
2020-10-15,-0.002997792861725841
2020-10-16,-0.0015407945584181679
2020-10-19,-0.005996646017321593
2020-10-20,-0.0042938655545964625
2020-10-21,-0.0030792588395855756
2020-10-22,-0.005388987451095152
2020-10-23,0.0054246395335571015
2020-10-26,-0.0004213985868784777
2020-10-27,0.003038801718557385
2020-10-28,-0.011006628941176816
2020-10-29,-0.0034369534138720017
2020-10-30,-0.009420228479568625
2020-11-02,0.007753926449257771
2020-11-03,0.0012855260064749926
2020-11-04,0.02152482034526048
2020-11-05,0.007283273773608228
2020-11-06,-0.008037034571879572
2020-11-09,-0.010172560309381863
2020-11-10,-0.004221244461194171
2020-11-11,0.0050946590630937
2020-11-12,0.00825138397616738
2020-11-13,0.00323065536179126
2020-11-16,0.0021904945825960316
2020-11-17,0.0037117977800063644
2020-11-18,-0.0006419588535489054
2020-11-19,0.005136268687879233
2020-11-20,0.0053608829135623265
2020-11-23,-0.002027153374785211
2020-11-24,-0.0022525305210350207
2020-11-25,-0.0024303595951739847
2020-11-27,0.008580993364219138
2020-11-30,-0.004703293191819951
2020-12-01,-0.0038688436594464483
2020-12-02,-0.003910429423799129
2020-12-03,0.005474444659395117
2020-12-04,-0.0051785801858234845
2020-12-07,0.004357255689196539
2020-12-08,0.004211497825023984
2020-12-09,-0.004817240482954929
2020-12-10,0.006355020414329796
2020-12-11,0.0010639721883135352
2020-12-14,-0.00595263596751709
2020-12-15,0.003096381907093668
2020-12-16,-0.0005838271301598458
2020-12-17,0.0007201479616845484
2020-12-18,-0.0036312784395150935
2020-12-21,-0.00025217461907883895
2020-12-22,0.002379849943178879
2020-12-23,-0.002203374010696118
2020-12-24,0.0028453964683254973
2020-12-28,0.0029439203249099245
2020-12-29,6.33525925818728e-05
2020-12-30,0.002636721938014687
2020-12-31,0.0011333335835918249
2021-01-04,-0.0028787460049084445
2021-01-05,-0.0005510572976396703
2021-01-06,-0.010290387706901764
2021-01-07,-0.0011340344756380863
2021-01-08,0.0016387989405882686
2021-01-11,-0.004542313435577655
2021-01-12,0.0009659931956507226
2021-01-13,0.0069618477141577435
2021-01-14,-0.004991386171378301
2021-01-15,-0.0019019874062188768
2021-01-19,0.005678709684379319
2021-01-20,0.0056140520855966665
2021-01-21,-0.004083778202244591
2021-01-22,1.3815760015255193e-05
2021-01-25,0.008345578513895403
2021-01-26,-0.002369657454397181
2021-01-27,-0.008417625772403025
2021-01-28,5.183863604943971e-06
2021-01-29,-0.01145944404345271
2021-02-01,0.007836133860632364
2021-02-02,0.004190106013597608
2021-02-03,-0.00230030855828324
2021-02-04,0.0023463769098603935
2021-02-05,-4.3390244727491306e-05
2021-02-08,0.005372903981117313
2021-02-09,0.001334132633780855
2021-02-10,0.0024857957795189575
2021-02-11,0.0004081551234690878
2021-02-12,-0.0020445375341444643
2021-02-16,-0.0049203819623525056
2021-02-17,0.0010276803477828511
2021-02-18,-0.005537003932748807
2021-02-19,-0.004208626099306365
2021-02-22,-0.007753611054395747
2021-02-23,-0.0005337949265085729
2021-02-24,0.0006033094246804761
2021-02-25,-0.01859584553310618
2021-02-26,0.008325196228730453
2021-03-01,0.006345988244139205
2021-03-02,-0.000862209848985356
2021-03-03,-0.002031835252798693
2021-03-04,0.0015128959221604949
2021-03-05,0.017563728638870336
2021-03-08,-0.01151589124526307
2021-03-09,0.007869386033214137
2021-03-10,0.005517565993421396
2021-03-11,0.01409403025816169
2021-03-12,-0.003323427102550133
2021-03-15,0.0006553908852441657
2021-03-16,-0.002194473930414527
2021-03-17,0.001372278922509701
2021-03-18,-0.03146821652650409
2021-03-19,0.011756021589947655
2021-03-22,0.0014582489945525515
2021-03-23,-0.020078222688646227
2021-03-24,0.009747156658356447
2021-03-25,-0.009887999849176167
2021-03-26,0.02038541889444389
2021-03-29,-0.00047217971727156417
2021-03-30,-0.009195601289850561
2021-03-31,0.003798924021786894
2021-04-01,0.014082701584801856
2021-04-05,0.003966912969549672
2021-04-06,0.0001508754815721877
2021-04-07,-0.0003858616704262574
2021-04-08,0.0059556911244853135
2021-04-09,0.002306823716378416
2021-04-12,-0.0018443940228863272
2021-04-13,0.006328681799011348
2021-04-14,0.0058121084681368096
2021-04-15,0.008591650397763754
2021-04-16,0.0023685095749783652
2021-04-19,-0.002666102574280052
2021-04-20,-0.00820362207973028
2021-04-21,0.005279851436674856
2021-04-22,-0.0021670559916012713
2021-04-23,0.010068008168678524
2021-04-26,0.003412569334461347
2021-04-27,0.0020636841544770853
2021-04-28,0.0016242719785602019
2021-04-29,0.003604601746387014
2021-04-30,-0.00901233792702398
2021-05-03,0.01116694584031251
2021-05-04,0.015461071231363845
2021-05-05,0.003806416530723221
2021-05-06,0.00487540628385696
2021-05-07,0.009703504043126577
2021-05-10,-0.006940736785904899
2021-05-11,0.010752688172042984
2021-05-12,-0.001063829787234078
2021-05-13,-0.027689030883919018
2021-05-14,0.008214676889375602
2021-05-17,0.01249321021184134
2021-05-18,-0.0048283261802575216
2021-05-19,-0.020485175202156293
2021-05-20,-0.010456796917996706
2021-05-21,0.009454949944382552
2021-05-24,0.013774104683195605
2021-05-25,-0.0032608695652173083
2021-05-26,0.001635768811341307
2021-05-27,0.015786608600979895
2021-05-28,-0.00321543408360125
2021-06-01,0.017741935483870812
2021-06-02,0.005282620179609231
2021-06-03,-0.008407777193904396
2021-06-04,0.011128775834658098
2021-06-07,0.0015723270440253234
2021-06-08,0.00994243851386711
2021-06-09,-0.004663212435233152
2021-06-10,0.0036439354502864067
2021-06-11,-0.003112033195020847
2021-06-14,-0.005723204994797058
2021-06-15,-0.004186289900575567
2021-06-16,-0.00578034682080919
2021-06-17,-0.02589852008456671
2021-06-18,0.010309278350515422
2021-06-21,0.012352309344790586
2021-06-22,0.0015915119363394403
2021-06-23,0.006355932203389921
2021-06-24,0.0036842105263157317
2021-06-25,-0.004195070791819687
2021-06-28,-0.0005265929436544234
2021-06-29,0.004741833508956848
2021-06-30,0.009438909281594073
2021-07-01,0.00363636363636366
2021-07-02,0.009316770186335477
2021-07-06,-0.02717948717948726
2021-07-07,-0.01212440695835537
2021-07-08,0.008537886872998833
2021-07-09,0.011640211640211675
2021-07-12,0.0015690376569037496
2021-07-13,0.008355091383811962
2021-07-14,-0.009839461418953754
2021-07-15,-0.005230125523012607
2021-07-16,-5.567581401285086e-20
2021-07-19,-0.03995793901156663
2021-07-20,0.014786418400876133
2021-07-21,0.019967620075552972
2021-07-22,0.00793650793650813
2021-07-23,0.005249343832020915
2021-07-26,0.0073107049608356345
2021-07-27,-0.005702436495593543
2021-07-28,0.004692387904066785
2021-07-29,0.017644006227296227
2021-07-30,-0.0056093829678735
2021-08-02,-0.010769230769230857
2021-08-03,-0.004665629860031047
2021-08-04,-0.01614583333333329
2021-08-05,0.014822657490735955
2021-08-06,-0.008346374543557683
2021-08-09,-0.014203051025776119
2021-08-10,0.018143009605122704
2021-08-11,0.00890985324947601
2021-08-12,-0.0036363636363636567
2021-08-13,-0.0057351407716370525
2021-08-16,-0.002621919244887303
2021-08-17,-0.011041009463722433
2021-08-18,-0.011695906432748418
2021-08-19,-0.013986013986014057
2021-08-20,-0.023458810692853254
2021-08-23,0.036312849162011246
2021-08-24,0.02102425876010792
2021-08-25,0.008975712777190994
2021-08-26,-0.007849293563579211
2021-08-27,0.012658227848101106
2021-08-30,0.0036458333333333455
2021-08-31,-0.004670472236637299
2021-09-01,-0.002537024474705779
2021-09-02,0.010860238232004599
2021-09-03,0.0009455876039994132
2021-09-07,-0.011369490209429418
2021-09-08,0.0070826284282996714
2021-09-09,-0.00864429357320207
2021-09-10,0.010203711059460508
2021-09-13,0.0076485498455906124
2021-09-14,-0.0006402098568896184
2021-09-15,0.015072592486143644
2021-09-16,-0.006273953140419747
2021-09-17,-0.00821177594852547
2021-09-20,-0.011212231375659926
2021-09-21,0.0009797985715271184
2021-09-22,0.01122558518461026
2021-09-23,0.013613076600938386
2021-09-24,0.002420176295710585
2021-09-27,0.010923286802742713
2021-09-28,-0.007814787982448569
2021-09-29,0.0016169226491987488
2021-09-30,0.004281195329417565
2021-10-01,0.01337958374628334
2021-10-04,0.0161369193154035
2021-10-05,0.012512030798844885
2021-10-06,-0.01663498098859306
2021-10-07,0.0125664572257127
2021-10-08,0.0033412887828161418
2021-10-11,0.0066603235014273095
2021-10-12,1.8774771495316153e-19
2021-10-13,0.005671077504725953
2021-10-14,0.010338345864661536
2021-10-15,0.008372093023255811
2021-10-18,-0.005996309963099631
2021-10-19,0.002320185614849147
2021-10-20,0.01111111111111107
2021-10-21,-0.015109890109890053
2021-10-22,0.004649000464900021
2021-10-25,0.00509023600185099
2021-10-26,0.0013812154696133392
2021-10-27,-0.018390804597701035
2021-10-28,0.005152224824355845
2021-10-29,-0.005125815470643058
2021-11-01,0.0074941451990633255
2021-11-02,0.0027894002789399233
2021-11-03,-0.025498377375985135
2021-11-04,-0.006184586108468054
2021-11-05,0.013882240306366528
2021-11-08,0.006137865911236992
2021-11-09,0.007977475363679206
2021-11-10,-0.012569832402234637
2021-11-11,0.007072135785006981
2021-11-12,-0.0014044943820225007
2021-11-15,0.00046882325363339797
2021-11-16,-0.0014058106841612344
2021-11-17,-0.008916001877052876
2021-11-18,0.003314393939394032
2021-11-19,-0.01604530438886264
2021-11-22,0.007194244604316493
2021-11-23,0.018095238095237935
2021-11-24,-0.0037418147801683253
2021-11-26,-0.059624413145539866
2021-11-29,3.333745387222012e-18
2021-11-30,-0.027458811782326554
2021-12-01,-0.008726899383983642
2021-12-02,0.008803728638011401
2021-12-03,0.0010266940451744092
2021-12-06,0.017435897435897463
2021-12-07,0.015120967741935495
2021-12-08,0.013406156901688109
2021-12-09,-0.015188633023027864
2021-12-10,0.011442786069651534
2021-12-13,-0.0049188391539595035
2021-12-14,-0.008897676717745889
2021-12-15,0.004987531172069747
2021-12-16,0.005955334987593146
2021-12-17,-0.01184015786877145
2021-12-20,-0.006989515726410379
2021-12-21,0.0211161387631975
2021-12-22,0.011816838995568842
2021-12-23,0.005352798053527945
2021-12-27,0.01258470474346573
2021-12-28,-0.001912045889101426
2021-12-29,0.004789272030651494
2021-12-30,-0.004766444232602519
2021-12-31,-0.004789272030651261
2022-01-03,-0.0004334395385616561
2022-01-04,0.007185232072317256
2022-01-05,-0.013044257821944261
2022-01-06,0.005842411202239331
2022-01-07,-0.0011172035649472856
2022-01-10,-0.004773470533209769
2022-01-11,0.013125133971925893
2022-01-12,0.005558296453618969
2022-01-13,-0.007616098790045423
2022-01-14,0.005357788132028339
2022-01-18,0.001538344987078407
2022-01-19,-0.0009393949446911869
2022-01-20,-0.006695287602295838
2022-01-21,-0.0002101981845361152
2022-01-24,-0.000890270184596388
2022-01-25,0.0047609479982024154
2022-01-26,-0.0036265117354933978
2022-01-27,-0.0020368625252328225
2022-01-28,0.010979335224327138
2022-01-31,0.006431288815135418
2022-02-01,0.004014272970561892
2022-02-02,0.003998223011994596
2022-02-03,0.0022123893805308017
2022-02-04,0.007947019867549749
2022-02-07,0.002190100744634326
2022-02-08,-0.008741258741258745
2022-02-09,0.010141093474426821
2022-02-10,-0.005237887385421309
2022-02-11,0.014918824045633926
2022-02-14,0.005188067444876759
2022-02-15,-0.016344086021505378
2022-02-16,0.0013117621337996885
2022-02-17,0.008296943231441027
2022-02-18,0.003897791251624037
2022-02-22,0.014236410698878366
2022-02-23,0.00935772011909818
2022-02-24,0.004214075010535056
2022-02-25,-0.015107007973143115
2022-02-28,0.01704303365999159
2022-03-01,0.04021784666945936
2022-03-02,0.0326218284333468
2022-03-03,0.01092043681747267
2022-03-04,0.04205246913580238
2022-03-07,0.02184376156978905
2022-03-08,0.01702898550724629
2022-03-09,-0.07944424652654075
2022-03-10,-0.011996904024767715
2022-03-11,0.017234625930278018
2022-03-14,-0.02926453600308042
2022-03-15,-0.02459341531138436
2022-03-16,-0.008540056933712951
2022-03-17,0.047990155865463596
2022-03-18,0.0046966731898239154
2022-03-21,0.03739774055317487
2022-03-22,-0.0022530980097633657
2022-03-23,0.024840045163718506
2022-03-24,-0.009915534337128102
2022-03-25,0.007418397626112619
2022-03-28,-0.04344624447717224
2022-03-29,0.0038491147036181497
2022-03-30,0.018021472392638176
2022-03-31,-0.018455743879472786
2022-04-01,0.006523407521105138
2022-04-04,0.01906214258482652
2022-04-05,-0.008230452674897082
2022-04-06,-0.007921539041870982
2022-04-07,0.0034220532319391133
2022-04-08,0.012504736642667597
2022-04-11,-0.008233532934131649
2022-04-12,0.029811320754717034
2022-04-13,0.021986075485525888
2022-04-14,0.00752958049480101
2022-04-18,0.01138790035587189
2022-04-19,-0.02568613652357498
2022-04-20,0.0010834236186347836
2022-04-21,-0.0014430014430013584
2022-04-22,-0.019147398843930682
2022-04-25,-0.007366482504604029
2022-04-26,0.013729128014842381
2022-04-27,0.0069546120058565615
2022-04-28,0.00836059614685558
2022-04-29,-0.007570295602018606
2022-05-02,0.01525608427170352
2022-05-03,-0.01395348837209307
2022-05-04,0.0312046444121916
2022-05-05,-0.005277973258268975
2022-05-06,0.0010611956137247423
2022-05-09,-0.0452296819787986
2022-05-10,-0.005921539600296064
2022-05-11,0.024571854058078796
2022-05-12,0.004723837209302356
2022-05-13,0.013743218806510088
2022-05-16,0.016410988226899664
2022-05-17,-0.010881010881010766
2022-05-18,-0.0216465578424414
2022-05-19,0.012694958287994258
2022-05-20,0.0014326647564468793
2022-05-23,0.007510729613734002
2022-05-24,-0.0007099751508697892
2022-05-25,0.007104795737122635
2022-05-26,0.010934744268077608
2022-05-27,0.01186322400558271
2022-05-31,-0.006896551724137945
2022-06-01,0.0048611111111111945
2022-06-02,0.022805805114028955
2022-06-03,0.009459459459459467
2022-06-06,0.004350736278447167
2022-06-07,0.006664445184938249
2022-06-08,0.008937437934458661
2022-06-09,0.0016404199475066289
2022-06-10,-0.009826400262037403
2022-06-13,-0.011247105524313636
2022-06-14,-0.011040481766477095
2022-06-15,0.000676589986468255
2022-06-16,0.004394861392833067
2022-06-17,-0.03567822282059916
2022-06-21,-0.002443280977312392
2022-06-22,-0.017844646606018127
2022-06-23,-0.02244389027431413
2022-06-24,0.009475218658891997
2022-06-27,-0.0021660649819493817
2022-06-28,0.01193921852387846
2022-06-29,-0.017161244190203803
2022-06-30,-0.030920334667151585
2022-07-01,0.004879879879879924
2022-07-05,-0.06723944714232354
2022-07-06,-0.014817781337605028
2022-07-07,0.04146341463414637
2022-07-08,0.017564402810304355
2022-07-11,-0.0019179133103184311
2022-07-12,-0.04534973097617211
2022-07-13,0.005636070853462181
2022-07-14,-0.009207365892714202
2022-07-15,0.012929292929293013
2022-07-18,0.018747506980454572
2022-07-19,0.00391542678151935
2022-07-20,-0.0007800312012480324
2022-07-21,-0.016783762685402045
2022-07-22,-0.011909487892020615
2022-07-25,0.018079550020088316
2022-07-26,0.001973164956590389
2022-07-27,0.02284363922804244
2022-07-28,0.0007701193685021344
2022-07-29,0.004617160446325652
2022-08-01,-0.020298736116430512
2022-08-02,-0.005082095387021091
2022-08-03,-0.008644400785854597
2022-08-04,-0.010701545778834748
2022-08-05,-0.003605769230769273
2022-08-08,0.01206272617611592
2022-08-09,0.008343265792610131
2022-08-10,0.013790386130811736
2022-08-11,0.019432568985619843
2022-08-12,-0.005337399923751482
2022-08-15,-0.012265235722499043
2022-08-16,-0.011253395421032205
2022-08-17,0.0039246467817894955
2022-08-18,0.01524628616106338
2022-08-19,-0.0003850596842509565
2022-08-22,0.00885978428351319
2022-08-23,0.01641848033600612
2022-08-24,0.010518407212622092
2022-08-25,-0.014126394052044517
2022-08-26,0.004147812971342365
2022-08-29,0.014645137063462373
2022-08-30,-0.027757216876387873
2022-08-31,-0.02093642938713369
2022-09-01,-0.02138413685847573
2022-09-02,0.006754072308303489
2022-09-06,-0.005919494869771058
2022-09-07,-0.02381897578404134
2022-09-08,0.004066693777958539
2022-09-09,0.028351559335763492
2022-09-12,0.013784954706577368
2022-09-13,-0.005050505050504977
2022-09-14,0.004295197188598276
2022-09-15,-0.029160186625194366
2022-09-16,-0.0036043251902282414
2022-09-19,0.0032154340836012536
2022-09-20,-0.00120192307692313
2022-09-21,-0.00601684717208173
2022-09-22,0.0028248587570620627
2022-09-23,-0.0338028169014084
2022-09-26,-0.02332361516034997
2022-09-27,0.010660980810234474
2022-09-28,0.027848101265822708
2022-09-29,-0.006157635467980207
2022-09-30,-0.012391573729863766
2022-10-03,0.02258469259723972
2022-10-04,0.02699386503067491
2022-10-05,0.017921146953405073
2022-10-06,0.006259780907668319
2022-10-07,0.010497667185070055
2022-10-10,-0.011158137745286623
2022-10-11,-0.01439688715953313
2022-10-12,2.0281630739727644e-19
2022-10-13,0.013817607579944765
2022-10-14,-0.019859813084112107
2022-10-17,-0.002383790226460179
2022-10-18,-0.010752688172043
2022-10-19,-0.0004025764895331255
2022-10-20,0.0008054772452679152
2022-10-21,0.001207243460764397
2022-10-24,0.0028135048231512356
2022-10-25,0.005611222444889875
2022-10-26,0.01873256277401358
2022-10-27,0.001564945226917081
2022-10-28,-0.011718749999999997
2022-10-31,-0.007114624505928811
2022-11-01,0.015127388535031813
2022-11-02,0.009019607843137266
2022-11-03,-0.0007773027594247812
2022-11-04,0.033838973162193524
2022-11-07,-0.008653122648607845
2022-11-08,-0.01214421252371922
2022-11-09,-0.023050326546292795
2022-11-10,0.009044435705859223
2022-11-11,0.01909586905689786
2022-11-14,-0.014913957934990282
2022-11-15,0.011645962732919068
2022-11-16,-0.011128165771296935
2022-11-17,-0.016686069072564976
2022-11-18,-0.00710339384372527
2022-11-21,-0.0035771065182830233
2022-11-22,0.010370961308336478
2022-11-23,-0.013817607579944652
2022-11-25,-0.008807045636509135
2022-11-28,-0.006058158319870887
2022-11-29,0.013002844372206333
2022-11-30,0.022462896109105342
2022-12-01,-0.005100039231070938
2022-12-02,-0.010646687697160814
2022-12-05,-0.025906735751295314
2022-12-06,-0.01595744680851063
2022-12-07,-0.004989604989604987
2022-12-08,-0.0016715419974926416
2022-12-09,0.0012557555462537882
2022-12-12,0.010869565217391129
2022-12-13,0.016542597187758412
2022-12-14,0.007729861676159631
2022-12-15,-0.01211142511102148
2022-12-16,-0.012668573763792377
2022-12-19,-0.007864238410596023
2022-12-20,0.0045890696704213845
2022-12-21,0.012873754152824102
2022-12-22,-0.012710127101271063
2022-12-23,0.018272425249169492
2022-12-27,0.008972267536704768
2022-12-28,-0.011317704122877805
2022-12-29,-0.001226492232215938
2022-12-30,0.009005321326238208
2023-01-03,-0.023935091277890494
2023-01-04,-0.01787198669991684
2023-01-05,-0.005078290308929257
2023-01-06,0.005529561888558026
2023-01-09,0.011844331641285951
2023-01-10,-2.313919621902129e-18
2023-01-11,0.017976588628762613
2023-01-12,0.008213552361396205
2023-01-13,0.009775967413441883
2023-01-17,0.006857603872529201
2023-01-18,-0.010817307692307702
2023-01-19,0.010125556905629768
2023-01-20,0.006014434643143437
2023-01-23,0.002391390992427133
2023-01-24,-0.005566600397614136
2023-01-25,-0.0027988804478208383
2023-01-26,0.004410585404971855
2023-01-27,-0.011177644710578909
2023-01-30,-0.012918853451756139
2023-01-31,0.017177914110429567
2023-02-01,-0.0176543300401269
2023-02-02,-0.006725539119827705
2023-02-03,-0.024479728151257856
2023-02-06,0.0026676016108392766
2023-02-07,0.01816809355671403
2023-02-08,0.0018178352927877392
2023-02-09,-0.007423063759172312
2023-02-10,0.013375328459372187
2023-02-13,-0.0018299559741207872
2023-02-14,0.003092920316463801
2023-02-15,-0.010271800820987893
2023-02-16,-0.0024244944219291307
2023-02-17,-0.007490899158216853
2023-02-21,0.0007342587255538834
2023-02-22,-0.012267623676581976
2023-02-23,0.007581997381290863
2023-02-24,-0.0033897107667808794
2023-02-27,0.0010148032305253808
2023-02-28,0.002695489404541231
2023-03-01,0.007114381865315966
2023-03-02,-0.0013956049033225296
2023-03-03,0.011543191072639418
2023-03-06,-0.0034033362734276276
2023-03-07,-0.014277947756055032
2023-03-08,-0.003552983501913787
2023-03-09,-0.00845354468479051
2023-03-10,0.005445233073865523
2023-03-13,-0.004059328576907838
2023-03-14,-0.0060434937330819515
2023-03-15,-0.01494416847569593
2023-03-16,0.002957775331187399
2023-03-17,-0.0008021514642235826
2023-03-20,0.0020626284422588185
2023-03-21,0.0034973862823655557
2023-03-22,0.001803467080095311
2023-03-23,-0.0005814304351847328
2023-03-24,0.0025378507415539766
2023-03-27,0.009881752904632586
2023-03-28,0.0032594745301411086
2023-03-29,-0.0018108153439407174
2023-03-30,0.004852429974130781
2023-03-31,0.00692698489788242
2023-04-03,0.001369394043135851
2023-04-04,0.001367521367521274
2023-04-05,0.0013656538067599044
2023-04-06,3.148167447592156e-18
2023-04-10,-5.813098788767096e-18
2023-04-11,0.001704739174906323
2023-04-12,-0.0003403675970047327
2023-04-13,0.0017024174327544513
2023-04-14,-7.549754103581043e-18
2023-04-17,0.000679809653297169
2023-04-18,1.1921496983256421e-18
2023-04-19,-0.0033967391304348085
2023-04-20,-0.0005112474437628511
2023-04-21,0.00017050298380216555
2023-04-24,0.00034094783498140067
2023-04-25,-0.0027266530334014677
2023-04-26,-0.0020505809979495305
2023-04-27,0.003767123287671259
2023-04-28,0.0017059024223815638
2023-05-01,-0.0018959391697150284
2023-05-02,-0.0033181872159496863
2023-05-03,0.00011660255209947653
2023-05-04,-0.00043285776516054775
2023-05-05,0.0068764254686737485
2023-05-08,-0.0012796079656625958
2023-05-09,-0.0016518905589324399
2023-05-10,0.002311998672055936
2023-05-11,-0.0020335298805800655
2023-05-12,-0.0024712423644408428
2023-05-15,0.004641545632039227
2023-05-16,-0.005264224393863881
2023-05-17,0.004176480913263819
2023-05-18,0.00016137765130490853
2023-05-19,-0.0006483346110633157
2023-05-22,0.001075744129463511
2023-05-23,-0.00522765548436183
2023-05-24,-0.0045690930153763215
2023-05-25,-0.0005828426962476893
2023-05-26,0.005346976250007223
2023-05-30,-0.0002652579945058147
2023-05-31,-0.002239203295519388
2023-06-01,0.006981643813118424
2023-06-02,0.0034764897842439082
2023-06-05,0.0013140072553112963
2023-06-06,-0.00019662059275081642
2023-06-07,-0.0016697530447716802
2023-06-08,0.0031090916400367073
2023-06-09,-0.0004961599281122053
2023-06-12,0.0028012399656594427
2023-06-13,0.004850023688036175
2023-06-14,0.0006679630517711645
2023-06-15,0.002843319831385525
2023-06-16,-0.0014823366857020608
2023-06-20,-0.0029599674290780205
2023-06-21,-0.00030724013440688955
2023-06-22,-0.00057418927060706
2023-06-23,-0.005237415705878427
2023-06-26,0.0020127892083097463
2023-06-27,0.0012338599473759467
2023-06-28,0.0006065674592055444
2023-06-29,0.00261143068895539
2023-06-30,0.004967796854858987
2023-07-03,0.0023973316656242753
2023-07-05,-0.004887178953935746
2023-07-06,-0.012330198537095143
2023-07-07,0.0020101565806178727
2023-07-10,0.002534051314539319
2023-07-11,0.007898894154818372
2023-07-12,0.012016718913270477
2023-07-13,0.011357769747031498
2023-07-14,-0.0027565084226646155
2023-07-17,0.002559377559377512
2023-07-18,0.005616256509751725
2023-07-19,0.0012185215272135807
2023-07-20,-0.006693711967545636
2023-07-21,0.0005105166428425211
2023-07-24,0.0035717930401062436
2023-07-25,0.0032540166768353323
2023-07-26,0.0013176565984189784
2023-07-27,-0.006275938860208604
2023-07-28,0.010492003667108106
2023-07-31,0.0019153225806451963
2023-08-01,-0.006942348324781132
2023-08-02,-0.016514690982776126
2023-08-03,-0.0023694241269186364
2023-08-04,-0.0020652622883105968
2023-08-07,0.006725993377483459
2023-08-08,-0.005755987254599679
2023-08-09,-0.004238602295048111
2023-08-10,0.001557308970099741
2023-08-11,-0.0037317300715248264
2023-08-14,0.001976901467068957
2023-08-15,-0.012253374870197167
2023-08-16,-0.007674516400336442
2023-08-17,-0.006568492425045074
2023-08-18,-0.00042657566385827185
2023-08-21,0.005227781926810927
2023-08-22,-0.002228826151560051
2023-08-23,0.011807254547388608
2023-08-24,-0.01272077375946176
2023-08-25,0.006069641145777906
2023-08-28,0.0077265029635899905
2023-08-29,0.014179182858943462
2023-08-30,0.0024855012427504827
2023-08-31,-0.0030991735537190123
2023-09-01,0.0027979274611398216
2023-09-05,-0.005786917433088792
2023-09-06,-0.00582060076915068
2023-09-07,-0.003763721902770519
2023-09-08,0.0004197712246825096
2023-09-11,0.008601699360117442
2023-09-12,-0.004784191367654726
2023-09-13,0.00031351238373922145
2023-09-14,0.009193480986209748
2023-09-15,-0.008074534161490725
2023-09-18,-0.0010436234606553381
2023-09-19,-0.0021938988717090644
2023-09-20,-0.006491466862108767
2023-09-21,-0.016545473706396908
2023-09-22,-0.000642948992713106
2023-09-25,0.0012867252841517397
2023-09-26,-0.014564146498179482
2023-09-27,0.00043468811128022085
2023-09-28,0.00619161416467517
2023-09-29,-0.002806866026125341
2023-10-02,-0.004438670564036018
2023-10-03,-0.01337538060026088
2023-10-04,0.004298467981924437
2023-10-05,0.0025241439859524594
2023-10-06,0.012370005473453894
2023-10-09,0.003568339100346049
2023-10-10,0.008404266781596883
2023-10-11,0.004594507960252061
2023-10-12,-0.007657945118059942
2023-10-13,-0.005680600214362209
2023-10-16,0.009162444755847812
2023-10-17,0.00042725913266395
2023-10-18,-0.014307068118727378
2023-10-19,-0.008990467937608257
2023-10-20,-0.011913870368346118
2023-10-23,-0.0007743362831859097
2023-10-24,0.007306542676851478
2023-10-25,-0.01274865369820853
2023-10-26,-0.010241567405098512
2023-10-27,-0.003599145203014175
2023-10-30,0.011626594423749895
2023-10-31,0.004463289444320387
2023-11-01,0.008566711329682975
2023-11-02,0.01720797132327186
2023-11-03,0.010062207980285136
2023-11-06,0.000577258052465131
2023-11-07,-0.0002547251513826619
2023-11-08,-0.00016967919236729036
2023-11-09,-0.005429570383806864
2023-11-10,0.009605956287179866
2023-11-13,0.000506492453029804
2023-11-14,0.01868109556006478
2023-11-15,0.002055625346529918
2023-11-16,-0.0010418296460004228
2023-11-17,0.0039586373836734655
2023-11-20,0.0064009959234037845
2023-11-21,-0.0022034703279219985
2023-11-22,0.002290496001053722
2023-11-24,0.0019673259170816105
2023-11-27,-0.002192429213182071
2023-11-28,0.0017047778705296054
2023-11-29,6.197659662923199e-05
2023-11-30,0.002490683862837376
2023-12-01,0.007447459702101693
2023-12-04,-0.006177215189873459
2023-12-05,-0.0019360097819441848
2023-12-06,-0.0019397651863195537
2023-12-07,0.006444353518821662
2023-12-08,0.0032523630450247334
2023-12-11,0.0035457400466012375
2023-12-12,0.003230365435089802
2023-12-13,0.013785469913463402
2023-12-14,0.006451612903225921
2023-12-15,-0.004240631163708204
2023-12-18,0.00445676933742689
2023-12-19,0.0071977913626504065
2023-12-20,-0.023201174743024924
2023-12-21,0.01252756063339343
2023-12-22,0.0014847075126200844
2023-12-26,0.004842854319035297
2023-12-27,0.002852365496213148
2023-12-28,-8.377103061557896e-17
2023-12-29,-0.0018634758728912593
2024-01-02,-0.00854868821853194
2024-01-03,-0.007928642220019986
2024-01-04,-0.0010989010989010952
2024-01-05,0.0009000900090010415
2024-01-08,0.011990407673860833
2024-01-09,-0.004541864139020579
2024-01-10,0.004661773457647511
2024-01-11,-0.000493632145325385
2024-01-12,0.0020742789411301032
2024-01-16,-0.008772794480039425
2024-01-17,-0.00765712012728714
2024-01-18,0.008718308447740238
2024-01-19,0.01003377707132924
2024-01-22,0.0015737188944624505
2024-01-23,0.002062260630462553
2024-01-24,0.0033320266562131278
2024-01-25,0.004004688415706337
2024-01-26,0.000875571553653032
2024-01-29,0.006609642301710792
2024-01-30,-0.0016415604480494168
2024-01-31,-0.012960634490763122
2024-02-01,0.012444879960803438
2024-02-02,0.004065040650406572
2024-02-05,-0.003855793329477495
2024-02-06,0.005806077027288524
2024-02-07,0.005099095632095537
2024-02-08,-0.00019144251938352138
2024-02-09,0.005361416945907077
2024-02-12,0.0012379773354918003
2024-02-13,-0.01588358379303787
2024-02-14,0.011017686285879942
2024-02-15,0.008029825064525426
2024-02-16,-0.0024656235182551832
2024-02-20,-0.002851982127578646
2024-02-21,0.0002860139193441314
2024-02-22,0.017203583682805924
2024-02-23,0.0004216444132114609
2024-02-26,-0.0027161187599512534
2024-02-27,0.0019722013523666418
2024-02-28,-0.004217827350267095
2024-02-29,0.0038591867469881503
2024-03-01,0.00965775902484766
2024-03-04,-0.0014858841010402235
2024-03-05,-0.008091517857142782
2024-03-06,0.007782466010314066
2024-03-07,0.010420543356903554
2024-03-08,-0.004880294659300171
2024-03-11,-0.0020357175904506222
2024-03-12,0.010106629578117797
2024-03-13,-0.001285111070313924
2024-03-14,-0.003952205882352901
2024-03-15,-0.00507520531512417
2024-03-18,0.0040808755332963865
2024-03-19,0.0035100683539626126
2024-03-20,0.010125184094256216
2024-03-21,0.0021869874248223718
2024-03-22,-0.0023640661938534265
2024-03-25,-0.0020051039008385225
2024-03-26,-0.00136986301369868
2024-03-27,0.007315957933242021
2024-03-28,-0.0001815705855652255
2024-04-01,-0.0023608462725868266
2024-04-02,-0.005916082643123714
2024-04-03,0.002380516388939878
2024-04-04,-0.01004749725977349
2024-04-05,0.007842775419819141
2024-04-08,0.0021056486313282318
2024-04-09,0.0014617211766856457
2024-04-10,-0.011403028644408026
2024-04-11,0.005905693457598945
2024-04-12,-0.015411430144023566
2024-04-15,-0.009689741917450761
2024-04-16,-0.005268604760560795
2024-04-17,-0.0036886408777073707
2024-04-18,-0.0014239605088286476
2024-04-19,-0.006179294609753741
2024-04-22,0.01013965946049344
2024-04-23,0.01117424242424247
2024-04-24,-0.0005619029780857818
2024-04-25,-0.0030922038980509842
2024-04-26,0.009305385844534214
2024-04-29,0.00437697895325018
2024-04-30,-0.01511358368103843
2024-05-01,-0.0026360384108454786
2024-05-02,0.012459882952614795
2024-05-03,0.010908073839269058
2024-05-06,0.009038089089735246
2024-05-07,0.0002741979709350872
2024-05-08,-0.0005482456140351064
2024-05-09,0.006034009873834511
2024-05-10,0.0012722646310432376
2024-05-13,0.0006353240152476873
2024-05-14,0.0055328798185940685
2024-05-15,0.011455890312105364
2024-05-16,-0.002051190582359695
2024-05-17,0.0023235031277926152
2024-05-20,0.0006241084165479214
2024-05-21,0.00017820547090785472
2024-05-22,-0.004721603563474399
2024-05-23,-0.006623702112423913
2024-05-24,0.0064876554334114545
2024-05-28,0.00026857654431511617
2024-05-29,-0.010113666875503524
2024-05-30,-0.0025316455696202675
2024-05-31,0.006889050036258167
2024-06-03,0.0019805545552755714
2024-06-04,-0.0013477088948786714
2024-06-05,0.011515969410706308
2024-06-06,0.000978386551632183
2024-06-07,-0.004976008530300338
2024-06-10,0.0029469548133596035
2024-06-11,-0.010328554892707665
2024-06-12,0.009626630679262279
2024-06-13,-0.003118873641062108
2024-06-14,-0.0018771788683293851
2024-06-17,0.006358588572452187
2024-06-18,0.0040936192934055695
2024-06-20,-0.0020384649472657843
2024-06-21,-0.0039964476021313545
2024-06-24,0.0008916629514044155
2024-06-25,0.0030289532293987734
2024-06-26,-0.0011546318500755839
2024-06-27,0.001422728081095671
2024-06-28,-0.0019534718522464813
2024-07-01,0.001690391459074679
2024-07-02,0.0053290700772714574
2024-07-03,0.007244456224048123
2024-07-05,0.005701254275940704
2024-07-08,-4.6792317396954035e-20
2024-07-09,-0.00026164311878595925
2024-07-10,0.0102067521591207
2024-07-11,-0.003886010362694313
2024-07-12,0.007282184655396539
2024-07-15,-0.0010327911179964786
2024-07-16,0.005341604204359473
2024-07-17,-0.012597480503899191
2024-07-18,-0.008505467800729026
2024-07-19,-0.006565126050420144
2024-07-22,0.010309278350515426
2024-07-23,-0.00340136054421769
2024-07-24,-0.01969020740351801
2024-07-25,-0.0050883770755221205
2024-07-26,0.011843876177658029
2024-07-29,-0.000886760663296959
2024-07-30,-0.0033726812816188274
2024-07-31,0.016386143022530938
2024-08-01,-0.017786734425654916
2024-08-02,-0.017573595004460308
2024-08-05,-0.026241714337601016
2024-08-06,0.006807161506900522
2024-08-07,-0.0018523663980735128
2024-08-08,0.021063375707525357
2024-08-09,0.004452926208651451
2024-08-12,0.0007237853976296289
2024-08-13,0.01536931561341647
2024-08-14,0.0026711779894932324
2024-08-15,0.01589556877719577
2024-08-16,0.003496503496503321
2024-08-19,0.010017421602787506
2024-08-20,-0.0025010780508840616
2024-08-21,0.00518761888293273
2024-08-22,-0.007913297780836045
2024-08-23,0.013525229755505514
2024-08-26,-0.003678357570573218
2024-08-27,0.0019747574482700246
2024-08-28,-0.005484147386460966
2024-08-29,0.000861623298293867
2024-08-30,0.007059228650137856
2024-09-03,-0.01914857240553946
2024-09-04,-0.003050374760327654
2024-09-05,-0.0012238832065739615
2024-09-06,-0.016980306345732988
2024-09-09,0.010328554892707674
2024-09-10,0.0014100643341852278
2024-09-11,0.008800492827598424
2024-09-12,0.00872371979412012
2024-09-13,0.005015999308138009
2024-09-16,0.0034420445744773875
2024-09-17,-0.001029071263184968
2024-09-18,-0.002832861189801638
2024-09-19,0.01782024793388425
2024-09-20,-0.003975302376723278
2024-09-23,0.0038213315217390255
2024-09-24,0.006852212164791591
2024-09-25,-0.004200974626113242
2024-09-26,0.011137360782990316
2024-09-27,-0.00233644859813087
2024-09-30,-8.364001338245554e-05
2024-10-01,-0.006383414148783493
2024-10-02,0.0009527247979491858
2024-10-03,-0.00594801980942538
2024-10-04,0.005293555530837392
2024-10-07,-0.006877644313958305
2024-10-08,0.002471282110308245
2024-10-09,0.0033993519996508193
2024-10-10,-0.0028470667635481155
2024-10-11,0.007450240828325432
2024-10-14,0.0053591393489230725
2024-10-15,-0.00517900325165087
2024-10-16,0.0056717174658445875
2024-10-17,-0.0022022875545652985
2024-10-18,0.0062164625758905565
2024-10-21,-0.008321731853579312
2024-10-22,-0.0013121191928197658
2024-10-23,-0.005038248638265618
2024-10-24,0.002314847426875085
2024-10-25,-0.0035899934169779713
2024-10-28,0.0047234800318525115
2024-10-29,-0.0021489168586659546
2024-10-30,-0.0023556458934228842
2024-10-31,-0.015501959542634473
2024-11-01,0.0017494043280509904
2024-11-04,0.0013750681138560345
2024-11-05,0.011888445015506812
2024-11-06,0.007281410575511319
2024-11-07,0.011330228756571133
2024-11-08,-0.0002341336822019447
2024-11-11,0.0003713340096352985
2024-11-12,-0.008296324824662114
2024-11-13,-0.0009602491406290447
2024-11-14,-0.005252157150386996
2024-11-15,-0.007921853024020572
2024-11-18,0.00528861075974921
2024-11-19,0.0030595892218997843
2024-11-20,-0.00017588086457690584
2024-11-21,0.004266785849467124
2024-11-22,0.0041344355696813
2024-11-25,0.004947289346929692
2024-11-26,0.001843252857409242
2024-11-27,0.00027126643634005365
2024-11-29,0.005179595895378961
2024-12-02,0.0021351728668801396
2024-12-03,0.0018028353683521294
2024-12-04,0.005316973415133039
2024-12-05,0.0005695687550852919
2024-12-06,0.0012198097096853809
2024-12-09,-0.0023554256010397383
2024-12-10,-0.005943173491817942
2024-12-11,0.007125307125307234
2024-12-12,-0.006261689843051087
2024-12-13,-0.0011456628477904966
2024-12-16,0.0020481730296575394
2024-12-17,-0.01250919793966154
2024-12-18,-0.02972346414969373
2024-12-19,8.533151292766596e-05
2024-12-20,0.007849829351535883
2024-12-23,0.006180155773789266
2024-12-24,0.00841396718552789
2024-12-26,0.0008343763037130797
2024-12-27,-0.007586494372655236
2024-12-30,-0.010248655913978607
2024-12-31,-0.002716007469020453
2025-01-02,-0.001957446808510621
2025-01-03,0.01040334271339649
2025-01-06,0.006920415224913601
2025-01-07,-0.009638756181376329
2025-01-08,8.463100880162777e-05
2025-01-10,-0.015232292460015229
2025-01-13,-0.0001718656011000519
2025-01-14,0.0028362698753761073
2025-01-15,0.016283853273911575
2025-01-16,8.433125316242851e-05
2025-01-17,0.008516738342187358
2025-01-21,0.011371237458194017
2025-01-22,0.0036375661375662727
2025-01-23,0.005518945634266803
2025-01-24,-8.192020971564684e-05
2025-01-27,-0.01196133049320014
2025-01-28,0.0066334991708127955
2025-01-29,-0.0029654036243822457
2025-01-30,0.00768341044282872
2025-01-31,-0.006395015167664164
2025-02-03,-0.00808647578183019
2025-02-04,0.009067465269112503
2025-02-05,0.004863973619126271
2025-02-06,0.0034457297563377214
2025-02-07,-0.008012427438476074
2025-02-10,0.008077144976510462
2025-02-11,0.00016351892731569721
2025-02-12,-0.0008992070628627278
2025-02-13,0.011618393061691988
2025-02-14,-0.00016175994823675036
2025-02-18,0.0041255460281506276
2025-02-19,-0.0012084105373397775
2025-02-20,-0.0013711889014357272
2025-02-21,-0.013569178580082438
2025-02-24,-0.00532219765823294
2025-02-25,-0.0015640434639446758
2025-02-26,0.0018962816390468706
2025-02-27,-0.015223831468071042
2025-02-28,0.009693323305757447
2025-03-03,-0.008431316584607352
2025-03-04,-0.00789046233076741
2025-03-05,0.015171235853549939
2025-03-06,-0.0168846089371187
2025-03-07,0.006633504545666989
2025-03-10,-0.023570919357779392
2025-03-11,-0.006162019450981298
2025-03-12,0.004671663555515531
2025-03-13,-0.012590869309601448
2025-03-14,0.019904593893764644
2025-03-17,0.010958327044362988
2025-03-18,-0.006893577925345638
2025-03-19,0.007171322201619743
2025-03-20,-0.0037126285043454386
2025-03-21,-0.0033739336616636093
2025-03-24,0.014766091565441458
2025-03-25,-0.0025410900335000874
2025-03-26,-0.00897541228231428
2025-03-27,-0.001590550903875546
2025-03-28,-0.015039739490188372
2025-03-31,0.002410358572298372
2025-04-01,0.00038494669670243055
2025-04-02,0.003588885354557385
2025-04-03,-0.02569197165131233
2025-04-04,-0.04165238289617735
2025-04-07,-0.013995565872244542
2025-04-08,-0.013109756320703101
2025-04-09,0.05747238314560536
2025-04-10,-0.023898907488442325
2025-04-11,0.011402692956746448
2025-04-14,0.012931330834967978
2025-04-15,0.0009548684052321243
2025-04-16,-0.00760101823288259
2025-04-17,0.0060539525326912475
2025-04-21,-0.014221646575820292
2025-04-22,0.01672856130039102
2025-04-23,0.007456765676012368
2025-04-24,0.011615989629475734
2025-04-25,0.0027539359171874908
2025-04-28,0.003237624381866478
2025-04-29,0.004247553290793176
2025-04-30,0.001073044142175056
2025-05-01,0.0019131916936744693
2025-05-02,0.011431966941644035
2025-05-05,-0.0020113047798709146
2025-05-06,-0.005792299063727705
2025-05-07,0.0010274912739928776
2025-05-08,-0.0017546923914018443
2025-05-09,0.0043559298306274
2025-05-12,0.00907526651788886
2025-05-13,-0.005423370547471686
2025-05-14,-0.005472645361594609
2025-05-15,0.012391601946650597
2025-05-16,0.008787694094829449
2025-05-19,0.0010892277233025566
2025-05-20,-0.0038882588791477077
2025-05-21,-0.019674075836924265
2025-05-22,-0.0024048059445873726
2025-05-23,-0.00024682159141446887
2025-05-27,0.015398321506016416
2025-05-28,-0.0030559412224919996
2025-05-29,0.006621237125084672
2025-05-30,-0.00022696940918390588
2025-06-02,0.005103940653295378
2025-06-03,0.0006212451384275198
2025-06-04,0.002653598108647035
2025-06-05,-0.002128070848522735
2025-06-06,0.0065922700768122795
2025-06-09,0.0012962458748275885
2025-06-10,0.006208326745623436
2025-06-11,-0.002891015374325419
2025-06-12,0.004306286169639258
2025-06-13,-0.010820961450513075
2025-06-16,0.0009385848534146399
2025-06-17,-0.007617851292703106
2025-06-18,0.0015232808970978373
2025-06-20,-0.002984079701266988
2025-06-23,0.011299042150557779
2025-06-24,0.009132588613706489
2025-06-25,-0.009663296889566962
2025-06-26,0.001195643066190348
2025-06-27,0.0037328132454206146
2025-06-30,0.005144536179220447
2025-07-01,-0.0005443234836702834
2025-07-02,0.004045748074379629
2025-07-03,0.005734211545912249
2025-07-07,-0.008706371831419979
2025-07-08,0.001709933157158394
2025-07-09,0.005431409062694127
2025-07-10,0.002083654885012942
2025-07-11,-0.005005775895263853
2025-07-14,0.0013931888544891351
2025-07-15,-0.004173751739063203
2025-07-16,0.003880782365724977
2025-07-17,0.004020411319004325
2025-07-18,-0.000770060064685274
2025-07-21,0.002851418002466133
2025-07-22,0.001690617075232437
2025-07-23,0.011891062523974094
2025-07-24,-0.00204700530705082
2025-07-25,0.001899263085922697
2025-07-28,-0.004473764027904225
2025-07-29,-0.0018280143194453462
2025-07-30,-0.0033574971384967562
2025-07-31,-0.004976648036138176
2025-08-01,-0.012619267466912991
2025-08-04,0.014417082294264185
2025-08-05,-0.002765614196819421
2025-08-06,0.007472459748863788
2025-08-07,0.002370393026456697
2025-08-08,0.005873827141658514
2025-08-11,-0.002654330350371768
2025-08-12,0.010949737662535148
2025-08-13,0.004588191049266665
2025-08-14,-0.0015723270440252122
2025-08-15,0.0002249718785152223
2025-08-18,0.00022492127755291484
2025-08-19,-0.005321939884566417
2025-08-20,-0.001130369253956152
2025-08-21,-0.003847604677480352
2025-08-22,0.01651014843986686
2025-08-25,-0.006481895395619162
2025-08-26,0.002099737532808453
2025-08-27,0.0003741674773629638
2025-08-28,0.004039497307001704
2025-08-29,-0.005811354492624042
2025-09-02,-0.007044364508393297
2025-09-03,0.004226415094339629
2025-09-04,0.006688711859311523
2025-09-05,0.000895856662934015
2025-09-08,0.004848213619750962
2025-09-09,0.0014845605700710687
2025-09-10,0.0022235398754819617
2025-09-11,0.009835823103091279
2025-09-12,-0.0014646649578909932
2025-09-15,0.006527319398606622
2025-09-16,-0.0010201107548820636
2025-09-17,-0.0009482129832238955
2025-09-18,0.0041614952179309635
2025-09-19,0.00159953468082019
2025-09-22,0.004718350754936205
2025-09-23,-0.003756953977313901
2025-09-24,-0.004278772934947939
2025-09-25,-0.00495265841223602
2025-09-26,0.005270092226614008
2025-09-29,0.002475607980195082
2025-09-30,0.00406740267286465
2025-10-01,0.005063657407407216
2025-10-02,0.0023031524399019783
2025-10-03,0.0017233950883239748
2025-10-06,0.003942652329749218
2025-10-07,-0.00599785790789009
2025-10-08,0.005890381438115043
2025-10-09,-0.00485610226380062
2025-10-10,-0.026121277359167465
2025-10-13,0.015547859406086492
2025-10-14,-0.0010158177332751917
2025-10-15,0.006391632771644448
2025-10-16,-0.003464203233256245
2025-10-17,0.003983198146002118
2025-10-20,0.010026689749693448
2025-10-21,-0.0029281531209827123
2025-10-22,-0.003939545877802541
2025-10-23,0.006400115058248222
2025-10-24,0.0065023222579494435
2025-10-27,0.010506886270055244
2025-10-28,0.00147534073345512
2025-10-29,7.015082427219635e-05
2025-10-30,-0.009750280583614043
2025-10-31,0.0017000779202380734
2025-11-03,0.002192207057492454
2025-11-04,-0.012771662432966449
2025-11-05,0.004645843756700738
2025-11-06,-0.008679567444507702
2025-11-07,0.0014353380221041594
2025-11-10,0.014619463952988623
2025-11-11,0.003319677920610164
2025-11-12,0.0019711369236183863
2025-11-13,-0.01531651795124011
2025-11-14,-0.00049946485907948
2025-11-17,-0.010708166761850374
2025-11-18,-0.008587097705296748
2025-11-19,0.0013829245214356234
2025-11-20,-0.015118476522750435
2025-11-21,0.009889298892989059
2025-11-24,0.011107863197895357
2025-11-25,0.009106678230702544
2025-11-26,0.008236642314854544
2025-11-28,0.004972650422675248
2025-12-01,-0.004453240969816918
2025-12-02,0.0022010792388527096
2025-12-03,0.0037548707049237517
2025-12-04,0.0020468661773009877
2025-12-05,0.0009156864126222962
2025-12-08,-0.0023926812104152484
2025-12-09,-0.0007759593679457222
2025-12-10,0.008118602188492694
2025-12-11,0.0026610644257702987
2025-12-12,-0.009847744098337774
2025-12-15,0.00021161035479999582
2025-12-16,-0.012764456981664285
2025-12-17,-0.010215015358239874
2025-12-18,0.008299653579676656
2025-12-19,0.008589220528236963
2025-12-22,0.005890284578809357
2025-12-23,0.005079723437279471
2025-12-24,0.0017548785624035281
2025-12-26,0.0013313713124518678
2025-12-29,-0.0034289713086075313
2025-12-30,-1.9396637437833623e-20
2025-12-31,-0.00646022049013406
2026-01-02,0.007067637288854289
2026-01-05,0.008351463260579672
2026-01-06,0.004663140311803817
2026-01-07,-0.003740907516453063
2026-01-08,-0.0002781447743549486
2026-01-09,0.006816442929679311
2026-01-12,0.004352331606217508
2026-01-13,-0.0033704773696520128
2026-01-14,-0.0012423217613359836
2026-01-15,0.002004008016031955
2026-01-16,5.806018402023711e-19
2026-01-20,-0.018206896551724024
2026-01-21,0.01159033436358503
2026-01-22,0.005555169779876578
2026-01-23,0.0024169601546855097
2026-01-26,0.0038578120694405795
2026-01-27,0.009195717814987736
2026-01-28,-0.0014959880320957184
2026-01-29,-0.0009534186870063787
2026-01-30,-0.008179959100204413
2026-02-02,0.005567010309278403
2026-02-03,-0.005262798168272898
2026-02-04,-0.0037790298199806803
2026-02-05,-0.012276708738533674
2026-02-06,0.021437050485301166
2026-02-09,0.007724911129340916
2026-02-10,-0.0006783800284919537
2026-02-11,0.0027153621614284156
2026-02-12,-0.013946246022611818
2026-02-13,0.001991074493649106
2026-02-17,0.0004111278607648043
2026-02-18,0.004315068493150543
2026-02-19,-0.001977767169064943
2026-02-20,0.008815088150881485
2026-02-23,-0.009279956648377757
2026-02-24,0.007315739094762898
2026-02-25,0.00895947872123791
2026-02-26,-0.00470904809956284
2026-02-27,-0.003852652923284838
2026-03-02,-0.005631700366399684
2026-03-03,-0.019583759808938988
2026-03-04,0.009187082405345269
2026-03-05,-0.011586206896551746
2026-03-06,-0.011442924923248578
2026-03-09,0.00966967814793905
2026-03-10,1.0357390214099121e-17
2026-03-11,-0.00076896190143315
2026-03-12,-0.017419896460053232
2026-03-13,-0.006479174083303672
2026-03-16,0.01390282356313597
2026-03-17,0.002827254735651827
2026-03-18,-0.015294615167747301
2026-03-19,-0.002362035645265279
2026-03-20,-0.02037595063854212
2026-03-23,0.01662516478687577
2026-03-24,-0.005547150781644011
2026-03-25,0.009417560127499272
2026-03-26,-0.021243002727142277
2026-03-27,-0.013418389793224713
2026-03-30,-0.0026755852842810166
2026-03-31,0.031149862135777716
2026-04-01,-0.009326424870466308
2026-04-02,0.022663877266387623
2026-04-06,0.005114217524718742
2026-04-07,-0.0037313432835820435
2026-04-08,-0.027579162410623175
2026-04-09,0.005252100840336113
2026-04-10,-0.007314524555903864
