a,b,c
0.06899157319237977,0.09032212196894303,-0.22246324015370572
0.11348814003787148,0.13864549229475653,-0.6163001752824852
0.18008575950448308,0.21730675212831757,0.4044407789602718
-0.1900421301346662,-0.21038338190321215,0.020422312195176654
-0.018018420806876365,0.00014715252424648412,0.6169825656279155
0.1469057952267603,0.17672595889129572,0.3234584241425753
0.16779394962554325,0.20099031966043512,0.6078444413814516
-0.08427263400246113,-0.07332420195340772,0.10049999235681492
0.08237480495895151,0.10440622213891813,0.01902273071839117
0.05586351395549895,0.07644570219332575,0.29338056863858375
0.14548436308569992,0.17401700781349932,-0.007267060582544324
0.07384698483593263,0.09503621623292051,-0.0692587245110045
0.017965937720034162,0.03764965279523497,0.20920781460025095
0.022403215633789365,0.04237214674118113,0.2443899292599759
-0.03942595148012593,-0.0228549435937091,0.30114541416884516
0.2786067782728691,0.3728376867315812,0.30897197612958066
0.00908780999178956,0.028376362626693113,0.5668221554723508
0.0037719667495715687,0.022572368900974304,0.2168548476145853
0.13182588484701524,0.15852230585882,0.7836534044474303
0.17697501615839814,0.21371273907017324,0.645189846618515
-0.09074572354553788,-0.08079692670278109,0.3191461595034406
0.02614400401155373,0.046160011647460385,0.4183376896844347
0.1480961857620445,0.17709090881349532,0.24094732135148184
-0.03399811968903713,-0.017121845593176227,0.330527159225492
-0.012190493078559619,0.006889320001086538,0.6101615842656853
-0.0545653822681199,-0.03989530501117969,0.20681071602672876
0.022328490988481203,0.04182804754441375,0.4782141059040079
-0.08756201055585025,-0.07616536046130072,0.18535331417689982
-0.017092235008452132,0.001558943819502688,0.6599625411619583
0.22617373083846526,0.2760813468340597,0.1380194026518964
-0.08550300691417169,-0.07387034162551485,0.28531028643032363
0.028366591453140425,0.04855335598515238,0.6207176497481528
0.12758127000135824,0.15457570317744368,0.46576601032857257
-0.02491227023542137,-0.007192672103149035,0.4210120651623493
0.16041933347704185,0.19160007349975638,0.10809705993355112
-0.006528534468228883,0.012488953364580321,-0.15325429564853663
-0.047566122814670216,-0.03220375174688367,0.7451618400247886
0.008946336222894246,0.028492411741429052,0.3372835886281263
-0.07278617489496877,-0.059527500952826704,0.39155452048669703
-0.009002937300931421,0.010272112860328454,0.26908236178862016
-0.04070061731921232,-0.024132569748406538,0.2641692394671998
0.04242341953911511,0.0629453622749277,0.22679888638088092
-0.022695891569046785,-0.004899400594437678,0.34501405221217896
0.20888314604380323,0.25111240298796905,0.35636219826629756
0.08679813474914655,0.10969617608992799,0.14636372084962676
0.11391514753237089,0.13866632770385068,-0.24908623988146983
0.002322241338114027,0.020835738465563802,0.531527952883076
-0.061067747750134,-0.04575374297213779,0.23309301163997978
0.02901378901196057,0.049039741879453425,-0.024208775109375216
0.06548492580529106,0.0868562215492806,0.334777552979779
-0.0277144936545991,-0.010053044125746258,0.6119201705098793
-0.0684916416604279,-0.055350153649474335,0.3340441105593345
-0.1200087689604769,-0.11888688363925316,0.17062905058396396
0.1720049289007726,0.2055082121401684,0.5908727864857987
-0.08352212133115952,-0.07257396664124512,0.4614099933896473
-0.02959333830563241,-0.012523106342982801,0.17133974342954755
0.030358742257641052,0.050162276488787655,0.4648262011277548
0.13154894197914557,0.15787785217788497,0.5933162936575158
0.1813685244315868,0.2199215697952398,0.4733855706144505
-0.11271720620478921,-0.107656341880823,0.7668412736385213
0.0016253790781820083,0.020648779018486947,0.5576558406748499
-0.09937391821088176,-0.09140937491610672,-0.6085610521573607
0.010353736316273952,0.029879489242307822,0.25426018092778113
-0.025348933253773572,-0.007121799606273217,-0.2623882242497526
0.3136759140530867,0.4303907079314521,0.13744724854768703
0.15557754232759213,0.18634062752032687,0.03633362628599041
-0.1957551955224415,-0.22222509212064057,-0.09864711991291862
0.050174047476256665,0.0710403540658951,0.4471374873826271
-0.01421593640073339,0.0038558838022878933,0.33941790561665364
0.06265889964488745,0.0836456176213034,0.7211777242634498
0.006927234470825154,0.025939415087489162,0.2052584976068023
0.023128350121241394,0.04322018402168714,0.14958386002870092
0.11826289718643324,0.14328460831131512,0.19888740874134248
0.13439227007518123,0.16188341524940586,0.13449060346931357
0.10269996931124954,0.12649251808810388,0.7707863263469527
0.0058240292387328075,0.025325540422989876,0.669382832887908
0.054882152584883596,0.07502795813856426,0.10558098022247993
0.10303322162667664,0.12664148616425464,0.630433578909505
0.22808340312399375,0.2816485837761699,0.4321522379460045
0.20688996296236659,0.25424375399452714,0.5262263501116484
0.002851677342319596,0.0221418924436527,-0.1507258799942675
0.02356516519458868,0.04304792538619849,0.39302409522278686
-0.21433451660447894,-0.2689842284925937,0.6689327256207839
0.20082291972177363,0.24582915912387676,0.04386570219474866
0.04176528023502831,0.0621707952761465,-0.0710469624740911
0.2587976655793814,0.32604252094072467,0.2634450002777969
0.16498954929239248,0.1980689549035366,0.10115666501622284
0.120074027995528,0.14567798414337735,0.3368800999773588
-0.07561624664454672,-0.06346270474941758,0.07081791833944856
-0.02840047278743871,-0.010748567734597356,0.6150408164750947
-0.23317193781092677,-0.3231776867598712,-0.14478434109432875
-0.011119136419101169,0.007183764370666625,-0.4381740059365201
0.17526590002029446,0.2115931165018981,0.37734632080624964
0.004537864151878472,0.02364885777416863,0.5908060640528057
0.07537140995191773,0.0972928652333596,0.42896434216274454
-0.11709408213336471,-0.1116644519063155,0.6191608410041552
-0.027187511684124387,-0.009310001078492433,0.004611881458900367
-0.15837285541109386,-0.17327284321551456,0.3055845032948407
-0.0010931908972728293,0.0178838832817136,0.11681589373269889
0.06843693390684356,0.08969670082753896,0.6845029394534673
0.015585323640437146,0.03549780883151612,0.38080316682968657
0.08850776574119777,0.11109430191786632,0.22161238617385048
-0.08607927726173645,-0.07515215825832765,0.7902134966291988
0.2618775734084716,0.333076762208606,-0.15044040856084304
-0.06984703223660646,-0.05649939216044786,-0.035312174932622814
-0.1280514589409055,-0.12941582000997726,0.43541433208207636
0.16105125169692275,0.19356694107118672,0.6303846201964076
0.04894326616155447,0.07005874916896476,0.1970639275086086
0.014507015906621963,0.03399963959702071,0.5236881347564226
-0.10622430975758669,-0.1003720573162921,0.391038214595054
0.3412315361134935,0.45324730160041815,0.43604432233477175
0.043804992565446094,0.0641337897421356,0.2295434222100046
0.050717939389356564,0.07113133781732132,-0.13274761608184757
0.06931741212722183,0.09049861435424258,0.6237067722644611
-0.11716158882347444,-0.11361524199139907,0.0830265683487879
-0.06393793966647165,-0.05036823001241278,-0.06069027789972806
0.12265837074143365,0.1482709195361288,0.3529834506470875
0.23144290763056405,0.2931761030392391,0.7676001151335113
-0.037758923662648665,-0.021213570987708194,0.16706177970594205
0.18153477514300345,0.2205668727193214,-0.4314132811079592
-0.021874163225752037,-0.0036766341653496,-0.0035499265628799884
0.16900035906352423,0.20333731399021027,0.4188591751841504
-0.07310459868125761,-0.06047932368812717,0.6263649705705391
-0.03712255888438141,-0.02067946564673892,0.04593881607375279
0.09069853635660498,0.11402412719138152,0.09244073222989767
-0.004725878028655097,0.01336106625597066,0.46664876765156627
0.006755960932436737,0.026348330171867315,-0.47750229277884165
-0.058876691625983635,-0.044824828426817134,0.5258663541829068
0.04440852592854113,0.06472160169962005,0.48552793875525296
0.15267760880813586,0.18245878320423792,0.5877034463089161
0.1253655754631535,0.15095979172709445,-0.08603233637977777
0.012222932938194604,0.03184031011723515,0.6863793761412257
-0.008430104471107583,0.009929175415055044,0.0645480385058812
0.13374159749511833,0.16103547869682644,0.37130831635254385
0.1025885220758899,0.12579532186668496,0.3237982589502869
0.036135230690254656,0.05636150368674467,0.42076181797544493
-0.024879710022783084,-0.00702778620223158,-0.19081350151301346
-0.13407723039495373,-0.13580286880951603,0.6385145184133046
0.05776171526571254,0.07902520160563564,0.5214800018817425
0.0022705592287217287,0.02104219112464764,-0.22512522982847374
-0.003780837181912285,0.015067555364555986,0.08605619193600039
0.05261807715589236,0.07355848606541254,0.576541854207395
0.024838217184991324,0.04513000991075048,-0.2790388002698457
-0.03229979580803927,-0.01536002181763041,0.33148562737214554
-0.05178749206187928,-0.03542784911022476,-0.009710850543006747
0.10479790980348816,0.1287582372360856,0.3184622045598058
0.09657850514835947,0.11975090068857416,0.21804516257382134
-0.14322485502176877,-0.1479200656754281,0.5016311892515288
-0.07285707150671349,-0.059753738440376195,0.269255446409621
0.052672289369493835,0.07346916727218353,0.5584505293885619
-0.2303174864062217,-0.2927124408110026,0.3398889040281386
-0.054583829133087125,-0.03958305458159163,-0.031525235404781235
-0.0925998684503602,-0.0821967223554504,0.38999838801548037
0.05588568472006795,0.07651941608078955,0.20235687151191353
-0.13035573618075094,-0.12995010832570125,0.6022979677673743
-0.04529175515103906,-0.0290559531037496,0.3176899178744664
0.07279736372051693,0.09435523083402421,0.6166140666715751
0.03640003788686963,0.056369459378039236,-0.173888951822325
0.029646498909725805,0.049684590117276474,0.34377704377064355
0.015283808421812577,0.03480100002200331,0.29447173243447927
0.016132209943984403,0.03549862353299133,0.15415520457010623
0.1487114068769844,0.1788582738720101,0.08489715966612851
0.10789239238956352,0.13249493732090079,0.15071810999782123
-0.0840700082614814,-0.07292345142085328,0.6776492889685853
0.14199679622882955,0.17015217768711755,0.36597326449180784
0.011215626536564533,0.03006030822541908,0.29623651760606334
-0.0402521186035242,-0.023635051871697205,0.12604727245206102
0.0853019598636435,0.10759312799818804,-0.09248788442298837
-0.1082930017130514,-0.10173978509468372,0.43973167850077055
0.15525569704372674,0.18597510668634099,0.5139209518837276
0.11729940175147979,0.14258974212403858,0.1277301137994813
0.04544446586720316,0.06619764266707953,-0.10922232621871683
0.11184616708488822,0.13608028259636734,-1.035743022644774
0.10127381630708733,0.12514670073486064,0.20300996707468735
-0.0574068065412884,-0.0419558452049361,0.08996821837976748
0.2553008097218245,0.31729887717075367,-0.025207740937772817
-0.1533838298853557,-0.16102640163637866,0.26554258689911814
0.15685963706322276,0.18928617826839067,0.44895962965816294
0.16325980788591,0.19698839895102255,0.3283790739423599
0.22665900653953858,0.2828434278727537,0.09149462753852182
-0.09591932481255717,-0.08653849784221278,0.7521587270673855
0.01513238628130379,0.034444053623172356,0.4356431320462005
0.02078936646078324,0.0404438443017741,-0.31720480026305503
0.1192244483229271,0.14429728633665734,0.2108745301303047
0.08239082507664815,0.10457531460011746,0.08968244400353607
-0.023483583742172895,-0.005408615294423401,-0.05051029578524888
0.1796934218121418,0.21550289429122094,0.29687907444893696
-0.00045042497535133957,0.018338173683542527,0.41150743838524034
-0.17507534264744665,-0.19032559901256796,0.8428321178764204
0.2188191078851198,0.2710858904229497,-0.18525283914187454
0.029507628739294085,0.048823881884837356,0.6943623781703263
0.304136043188056,0.4069044355265112,0.19991774165937579
0.08888073291627381,0.11127362328520568,0.5591903559066821
-0.021838439080015523,-0.003702120816287166,0.3181913101660733
0.11362588474422712,0.13844779663969037,0.6535864528734426
0.15060013858475835,0.18089266098945356,0.10592779464386745
-0.026000580246446022,-0.008561241615479706,0.07723152385977602
0.0018304225826061156,0.021000161913855765,0.5053077971282185
-0.0866375034366646,-0.07489244671849551,0.32117081932891245
-0.038591755836925576,-0.021562732864433623,0.4721058958253968
0.053729550232944304,0.07451643945681545,0.09252702800928872
0.26334412647544814,0.3462502680935426,0.19955941969867408
0.20912105268586442,0.2556654725615926,0.25189691514257806
-0.023715360086489386,-0.005885962298343851,-0.01006670445934753
0.04970941280705926,0.0703645517990443,0.29497592000206224
-0.029901051241592255,-0.012658076995866283,0.21989793669234964
0.0008045902058183824,0.01959604480312706,0.44620841102404246
0.1148555756327869,0.1397830465791259,0.24746629036646356
0.11181088111858832,0.13591167939655374,-0.15132877730957195
0.020133975558147995,0.03991363973124404,0.5134113509629871
-0.08176531552445757,-0.07064005016817117,0.041724487190344176
-0.04304910350871932,-0.02691422707172507,0.7004487328062076
-0.08137052919043758,-0.06987081439234687,0.58437602306776
0.11953286192771458,0.1451458539022289,-0.1268074161833094
0.12692808749185475,0.1536317142001713,0.3447531322128387
0.07793486770848489,0.09960491973827709,0.27657996699593834
0.029477617226844156,0.049276756188129656,0.014786363776491456
0.01324866228568009,0.03257304239380393,0.9152049754075731
-0.17619281380111404,-0.20045570786474043,0.3977037988633996
-0.11186927024170255,-0.10672586963470813,-0.0072759639467523
0.009752396330325477,0.0292459392785841,0.4222275245136495
0.10078942182122119,0.1241166572661767,0.3734213374198866
-0.026038237199427015,-0.008748013518454986,0.07789045798482834
0.11255065206584534,0.1374199602703483,0.0882204803115671
0.07788221424998559,0.09963076504886112,0.39811026791709514
0.019024214668301603,0.03883245533985941,0.3871575569338108
0.09683918003524043,0.12003986126220773,0.05690008423413823
-0.006488326636806098,0.012725787673878323,0.1214610777830073
0.043224353200872936,0.06363270464929931,0.47825588037576827
0.10616008039743507,0.12998743805696433,0.11383385520758893
0.06962283349818556,0.09062499200307822,0.6428837783792323
0.15163723768456355,0.18165794040309136,0.5187578119137006
0.028768541672843134,0.04930065387620374,0.7477630741408016
-0.07302898867394701,-0.0597770846317479,0.10221138433889408
-0.005270780438863905,0.013508401797020453,0.04913937824088472
-0.10723187808596162,-0.10307170754889942,-0.0722153554494454
0.03153748456922223,0.05198478371267901,0.26323409434492895
0.2036453965196982,0.25014927566564843,0.7096006028752161
0.07443203720384298,0.09616083137584058,0.29253575111976005
0.09855531071007285,0.12168133608880809,0.09743350223482021
0.30725033804002755,0.4074290998392671,0.19577051651752925
-0.0226174887690439,-0.004912912094593179,0.31537359772964313
0.04607872129595713,0.0672207330009392,0.5021972691212042
-0.032886273851772015,-0.016253670855556596,0.04087763823803834
0.13595604143916237,0.16307051195445713,0.07215648239682898
-0.0336315935994778,-0.016214369514614774,0.34018326655456244
-0.10584141461868725,-0.09948343647835199,0.523063923847923
-0.03163304433634043,-0.01396508888442867,0.48016432056480546
0.07629836605150873,0.0984555582069733,0.4396252532030703
0.05628754956635664,0.07733251445823254,0.23382786389150734
-0.0033829879192080487,0.015689034232360836,0.7184482788308382
0.05738388900889723,0.0783372429394857,0.023497108464693554
-0.05197408961133143,-0.03640861985589684,-0.14201835417026698
0.05254094559741376,0.07319579864545642,0.5826746362663362
0.15686526065118744,0.187624514628203,0.6873462236839345
-0.060260500581600485,-0.04500081389269742,0.4904894809618732
-0.05086810419761921,-0.03506256021138009,0.5812739866834296
-0.05295585033370914,-0.03784094609361631,0.532908806826964
0.03438589733960673,0.0547185486015402,0.27386130817926113
0.08351163412962988,0.10533062457255361,0.25108558261906055
-0.1067628829476967,-0.09960253091605943,0.3657183445787193
0.17268883572057248,0.20599583781992498,0.4643288062207043
0.05479965532778625,0.07578423561043807,0.7041962277236143
0.07029373367190053,0.09127005452746875,0.06855418634011151
0.17228586384018305,0.20660481189725394,0.5323774059067853
-0.023815995288140122,-0.006347596897367504,0.6118605197867352
-0.02391356698798005,-0.005997802664622354,0.31587741438169986
0.21725071813392247,0.2623307739634971,0.45652535630890134
-0.09487074079824159,-0.08566302212541708,-0.1886593602456177
0.026121356923293496,0.046025021237697944,0.4459068572885223
0.04760952999767962,0.06855718870639126,-0.2944996405642422
0.10432943824108616,0.12802333814778327,0.2518571607084087
0.09251460037190871,0.11505074180809899,0.5612680465350912
-0.04004461177541308,-0.02273305611009313,0.4211739566867768
0.024926245167410786,0.044876587647375316,0.5608344607519535
0.07314892816452799,0.09505083721669932,0.3768962027372557
0.16546887359518836,0.19834311135061006,0.36256232324408283
0.10864438388728002,0.13268945541745691,-0.0650648407990871
0.1712344907803701,0.20637481644437544,0.46701080515467114
0.06057888524433499,0.08123155116650732,0.19843025545683546
0.05512883211967558,0.07559487737261131,-0.5889255891458713
0.2390616860966768,0.2975446487869789,-0.036105505816648224
0.09507448165419176,0.11849303807019579,0.24267543521047938
0.016268291427932114,0.03577205428851421,0.5503316916539885
0.06269111810948978,0.08401177379136351,0.6180814024669826
-0.07809319853893734,-0.06604294649235008,0.39863865127489
-0.10120958433027388,-0.09373821904095057,-0.47777177147437505
0.069101315724987,0.09038477112939798,0.348462132394641
0.11477476832007265,0.13926116246743747,0.3794897276785168
0.05399026072609576,0.07510985252674471,-0.028040835936295475
-0.0541503491147168,-0.03880317999836047,0.5731806757817736
0.033432754048123806,0.05354344967075051,0.5905053054919714
0.12960574525010907,0.1562071407376217,0.39307152970805126
0.033479439905922205,0.05349311368938218,0.5531504260139075
0.1898444715274497,0.2294800849977403,-0.04145068193742572
0.1255239921023398,0.15171305602212065,-0.0638659214675443
-0.058089581491673446,-0.043170106467549665,0.5083415846188128
0.11246587435478204,0.1377690355688289,0.5416083077695569
0.11168933155654434,0.13580791149882304,0.45366406606508247
0.0356164000453302,0.05540977367228157,0.32096950238881056
-0.04134950432841051,-0.024854305161755158,0.5602212807619537
-0.06007397690199269,-0.04552352146436266,0.4802890712765997
0.07951272696123932,0.1008924640178205,0.3325969247898487
0.14279895043732227,0.17172182228395141,0.433352742090722
0.02260458808192197,0.042327652986868046,0.42208273380596845
0.013667754496513558,0.033073870642251396,0.021223998428081637
0.20911763813792114,0.25677977303040755,0.25530168505984707
-0.07222745172444661,-0.05929242716567466,0.4145797146683658
0.1014437750970379,0.1250927158135347,0.4177541223584633
-0.007253800446444843,0.011631743047151824,0.4183575585076125
0.02016577933968403,0.03998948160246939,0.510317977379094
0.15992657276830177,0.1915885740673825,0.36792107872277396
0.08430714786099398,0.10648317113919417,-0.17420040112229376
-0.037248012641220636,-0.019969068401654785,0.31653513111131076
0.02576867651827873,0.04528169687911808,0.3689532089275621
0.06707837454438842,0.08836328727873513,0.38150645357238305
0.2772256833352895,0.3915279994726999,0.7533317178111142
0.16095730476207842,0.1925107636545042,0.30892135987843145
0.03102936883488024,0.05117618494763677,-0.23675523647028637
0.1284169875846632,0.15536349833613042,0.44653499519932544
-0.13197521699379142,-0.13423208601957515,0.30987288016727305
0.07675310764657783,0.09899969200692309,-0.0938539100692194
-0.21371691829771788,-0.2607697123162892,0.5143467552019229
0.06105023107132118,0.08235902293624758,0.2920956388468213
0.08333128417880624,0.1052712424633489,0.19557102271730356
-0.0786089203080247,-0.0660793445734954,0.3506082189030544
-0.053742146719187,-0.038251197865596526,0.5292624261711206
0.001275994963792852,0.020245860436529685,-0.0867110490627586
-0.1546400899878169,-0.16583481316128573,0.34582470241582514
0.06911099684507349,0.09071026405706958,0.30730713056586734
-0.10076732193228652,-0.09399216429960357,0.35279583432885997
-0.14111341246685136,-0.14389268143378092,0.07363904914330928
0.05711417996629073,0.07823215526624715,0.12894101898196503
0.016742251687085822,0.03563141653495005,0.3560971517389852
0.11992163071804395,0.14582943819208127,0.2366567329901905
-0.09102607261314327,-0.08028243989550284,0.4118410067704382
0.13519546438622632,0.1615364045978901,0.3223433806900226
-0.09639288980759006,-0.08689441264743546,0.051279177108664545
0.00824860855605407,0.027446471500627817,0.20396998614349415
0.09896167278116784,0.12215391050160908,0.49602452700977795
-0.10317173942693396,-0.09664054492491649,0.5266790485565475
0.2447218714934334,0.31343030279586187,0.3258070360415327
0.04089235880919943,0.061371599338881075,0.7719660007984681
-0.1317660820361191,-0.13050787989667312,0.13531563259581625
0.027307255509848624,0.04701878033103083,0.2536116367941744
0.18505136798202226,0.2242964277330039,0.33620774986366225
0.03593446183080105,0.055815521091817075,0.26696444711966494
-0.12945352510263985,-0.12820402820116905,0.17330999189618618
-0.04950252452615141,-0.03341634930943023,0.6387569637562586
0.06740687929720397,0.08883975869057016,0.17889592126795065
0.18565167021533358,0.2232303456105985,-0.37076695254067543
-0.010643138897177126,0.008099845306532016,0.2530701832574326
0.2163100814334769,0.2649210823626171,0.13177206251398985
0.04616806809663942,0.06655760374471802,0.70990867411853
0.0777324487572054,0.10002601450598989,0.32817730940759793
0.0603350718322362,0.08099357676740934,-0.0691913793001676
0.015111909456988766,0.03472931711021428,0.5916461431199704
0.027116009215280627,0.04736754579481998,0.043366106236269276
-0.005789882847456281,0.01233925223990022,0.46411658461339755
0.18870377763128018,0.22854311243741604,0.4461931873231213
0.20482835582749268,0.24747360659408302,0.20870290117949492
0.1325408842005566,0.16019640634811963,-0.30349269469111473
0.15293423667762024,0.1831216211197887,0.48587079927311383
0.09769515804899769,0.1205472370135736,0.6004775992681314
0.10660688082649165,0.13124760789246512,0.4711329471596285
-0.0021653021053480233,0.01649271621866126,0.402581229347789
0.0331606577746082,0.052774590397416395,0.5683207986825823
-0.05792075009975711,-0.043525919485285045,0.35913927881548074
0.1817371349939435,0.22020236724770886,0.5971464761679538
-0.06523596449253594,-0.051937629072709934,0.7785052198417757
-0.026039073835952296,-0.008226250931605193,0.10988783899395967
0.02570969967852211,0.04536422978752681,0.694112664560635
-0.25021970052409237,-0.33099193085171624,0.4391682645788817
0.05795513655926229,0.07886143503342867,0.7158242880411637
0.02597602722790614,0.045593508673008556,-0.0016712277475379978
0.1984993207849666,0.24010874289910333,0.5849902048111119
-0.026592917465845887,-0.00829958982324995,0.6579214163988146
-0.002384065654316427,0.016062306734676235,0.16551907062702595
-0.0566695082703035,-0.04132936859656036,0.2888470900052725
-0.0005788123030951125,0.017928434528945755,0.3388969918538762
-0.09879243693050752,-0.09151287546643345,0.34970457299848956
-0.027755461473634346,-0.009549161715003564,0.05032079984695056
0.10012806653257801,0.12349262919912202,0.121513511236157
0.06413416659354879,0.08587187081966013,0.36431818776197317
0.11485540098133526,0.13991812865628367,0.4735046716162781
-0.018154465753343643,0.0002650314937540782,0.155640076633334
-0.00722180205588381,0.011594716472167303,0.47308784539940024
-0.034911668852400934,-0.018053767459214373,0.5296015084741696
0.01194836237177351,0.0311304389247669,0.4039561172786214
-0.014164571381597343,0.004031979973099377,0.3788015303018066
0.012621861093392724,0.031927872593721984,0.26799045627597196
0.11059088219712299,0.13518461271971416,0.6337412437516
0.19932883084444547,0.2415478981058699,0.4218306964880389
-0.11233583795539547,-0.10775181707208865,0.31559242768764606
0.0772084578803316,0.09872876343057821,0.17401642555988778
0.019944993473772935,0.03965764773909219,0.6361568690890056
-0.08655300294989385,-0.07478788736582807,0.1929384917745932
-0.02287762903897433,-0.004379489939961165,-0.14742139132369855
-0.030772540217468412,-0.01324007931195706,0.49001431772329834
-0.06791400029339248,-0.05566380657159811,0.43398248849281523
0.2291688392850009,0.2879663549521659,0.24694073615919238
-0.07701250136852213,-0.06514617690174236,0.29666255603020397
0.06053791508647313,0.0818796311136859,-0.2077177938810489
0.00146967662184541,0.020820940919329817,0.6174517534588955
0.00011209006714297643,0.018994946589572587,0.04200917022345137
0.0077703968629892275,0.027117986350402832,0.4502503602091381
0.17120061949617688,0.20651136249144003,-0.1095913652694627
0.0033389665846001934,0.02237068287500958,0.71973131665267
-0.017049065654913563,0.0009305673658875427,0.4755468965385824
-0.1480838379753623,-0.15623059169124226,0.40108073791513404
0.19558500948952903,0.2374073045431861,-0.16158027324110713
-0.06505170365034402,-0.05160749075126436,0.21765307904422226
-0.01393323620715067,0.0045313980220793235,-0.02600299347399313
-0.11359558508193003,-0.10764181320370493,0.28732228627206663
0.056861919988378626,0.07806704395956311,0.6925777837491615
0.083642130818675,0.10574415520573605,0.3513084473914357
0.12659504769882562,0.15372078937430933,0.016281329186819814
0.03388885819300037,0.05409461011949101,0.13983873941017155
0.014962163652830845,0.03480999832853633,0.46368260665544253
0.016313549303317538,0.03586628775899797,0.4025625240725271
-0.09040007879985891,-0.08041171130465792,-0.024176865231560474
0.07552150681603355,0.09703342233649094,-0.7753637799263381
0.13513110530713474,0.16225085367548614,0.27547340428242517
0.10337464726308522,0.12638174782864725,0.3899911786246435
0.057716276424924794,0.07879946890711288,-0.08325837571271401
0.001578611069725426,0.020504678387228255,-0.3069102885388306
-0.12293916011882304,-0.12049173672621953,-0.056732022228275204
0.01061208248112954,0.030090949267648638,0.2896009376149661
0.05914326287615514,0.0801077632249375,0.700072725410756
-0.029700268697569962,-0.011472141728930699,0.032840415360743426
0.009988989075077311,0.029568782592017662,0.3089247100911298
-0.19211971965307412,-0.22068084650993114,0.42435669706777746
0.06338168963457694,0.08490551175008142,0.07978240145222511
-0.08633228792425565,-0.07525310680389831,0.48520739909009103
0.14662476119896517,0.17612589116263927,0.31997727579019203
-0.04512215730623923,-0.029369052894223147,0.13868205138294448
0.08065144117614832,0.10241190742156742,0.2953640330648522
0.11023496430546564,0.13413898248741674,0.015102159544726906
0.01892447068174943,0.03870646988325577,0.45780707441921825
-0.019077715858704828,-0.001090258910318151,0.248395352761546
0.16068571563854317,0.1920068874107364,-0.0391558642726694
-0.003184929046618786,0.015750875710269986,0.3012498666439953
0.06148708179669789,0.08252888067382039,0.26355870910912443
0.12341002724699279,0.14928504820432273,0.3829761078873551
0.0021292278089065516,0.02115083176519646,0.03080078268004827
-0.02909597921640331,-0.011563131055272478,0.34712846996010893
0.04593235470855264,0.0666354415667599,-0.15765835968319647
-0.10828532149309701,-0.10240897750712728,0.7388251249786955
-0.15343817406363874,-0.16059432765025455,0.5699487955919837
0.008639666041498047,0.02814565522780667,0.424501886671402
0.015028327310308051,0.03442326088770863,0.5217729084167748
-0.07907854315755841,-0.06720263179922858,0.42629125226584236
-0.03384120416182457,-0.016801708856263836,-0.19777204344245033
0.08331092487440428,0.10524856715512854,0.06915112782977592
0.20042927596446797,0.24745311267857367,0.4841952242343551
0.0357502148432923,0.05613771282036312,0.4479622941110128
0.051510598204342485,0.07205785936510171,-0.35817433527325815
0.04324751027584851,0.06340071504178552,0.43553030561094963
-0.0665042261432843,-0.05186436383501199,-0.0068326527386312706
0.086807405492252,0.1091387413055032,0.7872065585176208
0.07477401121659615,0.09664490681552487,0.20591178609904204
0.14822483061152814,0.17782486554828664,0.1588537729798908
0.10713560374021086,0.1309244782477838,0.10056093215892235
0.05798463267196013,0.0790958963687165,0.4021979286187447
0.0993873294848693,0.12241471881705036,0.5544676571473924
0.06333241768905919,0.08434217651740528,-0.08119932654423735
0.2752167279242319,0.36043041981066404,0.03865731822615123
-0.029683032691374664,-0.011939509634830293,-0.03273601757560161
0.14710168253335248,0.17639985830473742,0.41910700228225783
-0.08709589645272017,-0.07669794029723982,0.7942796605910828
-0.10062332592229699,-0.09257723228704935,0.20821737885161146
-0.09298592145593579,-0.08432206282288372,0.49002317962693254
-0.09147572143798975,-0.0806288829415311,0.746726871567154
0.17046302309603006,0.2054967590275989,0.40537014981557357
-0.11052225097951486,-0.10510329871359377,0.5166559289469785
0.1615045784760278,0.1943837433294131,0.07175929948971531
-0.006412122959970686,0.012673510397985754,0.6597188648518035
0.06958526853499068,0.09047033231226949,-0.2436870614730699
0.014320069895915584,0.03356691135944556,0.3523784491370946
-0.13398335957939514,-0.13539221216967529,0.3421824109905786
0.02936260751834184,0.048777372396417884,0.6605566151883032
0.059090834077266424,0.07983240212636825,0.2496190091377786
0.13019069580679657,0.15565955807647452,0.09455152082513474
0.07732932203223387,0.09944459628731181,0.33255650564665995
-0.20082621034404216,-0.23581370055893042,0.6950949789465869
0.07320981315672659,0.09451653751099212,0.03857252853952908
0.04684579840103517,0.06737783573372014,0.4689090717235032
-0.16856408004501963,-0.1786105423546403,0.6014021825695626
-0.1801681265874431,-0.19963553365582792,0.4065016963283189
-0.03271030596254475,-0.015566909735384118,0.4502467721592735
0.0705585116112496,0.09221130292063356,0.5888148999406221
0.008752353491991209,0.028164144577426692,0.6116651427336484
-0.038884674266147924,-0.02191178461946698,0.46119514815013757
0.1117633882434436,0.13573908668776186,0.28108528393264653
-0.0803865176589691,-0.06856882929014828,-0.0007353149676826531
0.11864973131133624,0.14401184263023742,0.14176556997297265
-0.028814528979037166,-0.011022476108397038,0.486232043998028
0.0991526712281661,0.12237144973656189,0.7978944956295663
0.05628604749519195,0.07745757482062879,0.17360993525623308
-0.010736027071792734,0.007512105262958466,0.21728438912457265
0.2615801971627056,0.3315034612351034,0.3272483567625975
-0.006387128058861032,0.01234033327971696,0.6624996559295324
-0.1732267390553776,-0.19150968633597298,0.5012229141005364
-0.0735366975553364,-0.06057505226155102,0.7021392702481295
0.001369446822104457,0.020866798171324558,0.8032985181249435
-0.03400953005247653,-0.017051865879661135,0.0078067121275265765
0.04790837885512123,0.06837049938841802,-0.12419008978086529
-0.019200674296178392,-0.001273803443850155,0.4372826254421212
0.21361657462562994,0.2606086722843683,0.06579674384438365
-0.02609557887119191,-0.008286436922068062,0.5293180827395323
0.12132858456949898,0.14706291003070687,-0.17064813708802537
-0.16134921696679183,-0.17658779275183595,0.5468965816557521
-0.08847433181022973,-0.07908350922721481,0.21702462089370064
0.018989718806799654,0.038732842491056026,0.15625656241719077
-0.020188471539854688,-0.00239982867550418,-0.01570614528761078
-0.04626048227582106,-0.03035945026770477,0.2570317856383026
0.03181246976713681,0.05175469308516821,0.2792371837244783
-0.12067584752011667,-0.11638113493982606,0.45872963842246206
0.01870694399460104,0.03827781376394521,-0.5011706421733901
0.1496065666724562,0.17941329714395682,0.16272866131094982
-0.057077043244903244,-0.04214957173291027,0.3990788575435267
0.08766750273278615,0.11013947204456602,0.21851461059785432
-0.12124700616914827,-0.11902124196050894,0.2757617939978618
0.15284575414192422,0.18325449639764252,0.006135397755416642
-0.018459076580001253,0.00017665776019090695,0.6565813812777768
-0.20015694810832488,-0.2407286483928262,-0.06408143497491088
0.14274857622495213,0.17202479680205643,0.5300203467574734
0.17119393364679142,0.20662763002047524,0.48926116000349346
-0.0018177354550289145,0.016913270602157762,0.530803940737708
0.06563711931690065,0.08715102863560094,0.343045011536732
0.0017357226759654215,0.021411716721509044,-0.07450593832142526
-0.012637351968081809,0.006264855868667887,0.05723739021374753
-0.04202345545922582,-0.02610339846275024,0.5791874931245773
0.04090062442508088,0.061081026529926356,-0.2377885439022168
0.14110996531664582,0.16851768611883322,0.7104612079178316
-0.011534820288941924,0.007069859883312518,0.36802717042629396
0.08054521686445049,0.1031324194459264,-0.17130815900850174
0.11882429059072311,0.143934661017324,0.09669804415371328
0.06687340885279228,0.08801068859011657,0.7170853552996364
-0.035417643113950015,-0.018443176151533916,0.40484571312159756
-0.0012085893187142945,0.01737272904643701,0.00455150979377833
-0.08778928166019308,-0.07847643961929761,0.13031361469823713
-0.025968348614648216,-0.008059738812061144,0.46836578783329486
-0.0395273868303966,-0.023496644199554925,0.21276831743587118
-0.10321681210414237,-0.09494160284843424,0.5615808770616075
0.00877142672841025,0.028196038432134096,0.22402285770984426
-0.1251719977137506,-0.1223381730075062,-0.17624825724358772
-0.047204299604299636,-0.031730523282938836,0.6481251969386476
-0.003546160143909845,0.01479933524504519,0.17134173174596926
-0.03997782420867241,-0.02310589206912897,0.43092432742329384
0.08145313093514268,0.10322423421371776,0.7689101530375598
0.02626930742503448,0.045824103575548385,-0.01928684573037411
0.03775478166625165,0.05800733832745267,0.14326914244803018
0.12097833412149077,0.1458461309099991,0.5431275885013493
0.09154503415693489,0.11454765218230273,0.4926451288883663
-0.11144486402451143,-0.10473865285298432,-0.04570863492495912
-0.046993589069642135,-0.0311703472762032,0.31290368662885293
0.0948250616033892,0.11793318475551194,-0.24562540360808208
0.01809288398621865,0.037751867589172525,0.0577762445397839
-0.10278308536667577,-0.09567358438320274,0.5580144606252291
-0.09361115979270138,-0.08455196999314445,-0.06991471443709098
0.03811384930259634,0.05818719355976082,0.22201919563985625
-0.023359453307602314,-0.005643411213260306,0.45947334298776366
-0.04727516027782359,-0.03157158075669447,0.5447125114793591
0.0166024564791021,0.03595472996759711,0.015047096488603575
0.027536906543298385,0.04771942543668302,0.13555860308183096
0.06662274563605111,0.08740312854477289,0.5113347751880434
0.16713805281465371,0.20026304046781668,0.3184017958373418
-0.06304502739147713,-0.04907286831782741,0.4595516058716899
0.10163460207336858,0.12488871660169888,0.1508815823488357
0.07489153854886513,0.09703440398171638,0.020812589594736784
-0.044582753876161584,-0.028598637223830076,0.13507246676869014
-0.007420356617640658,0.011198077416383338,0.5280065377340091
0.0010458724908314994,0.020234452238893835,0.4011808087664583
0.32617778283143495,0.455605488499294,-0.039806072192425664
-0.041517940736710356,-0.025354874103458977,0.10683907649154938
-0.12356217511498033,-0.12128400418059755,0.5016815229622884
0.10306045465739168,0.12707348915359762,-0.0954987124435461
0.07209063317202294,0.09377231382523131,0.4077598580362636
-0.06934925977394343,-0.055750179387435025,0.6623316053590044
0.11203192759532528,0.13622859113230365,0.6354772885633625
-0.05620344414271853,-0.04208736901239367,0.37023662204971963
-0.14159930924973185,-0.1445972904975421,0.4069566492298171
-0.08166876866080966,-0.0691207501505134,0.5417588803960419
0.019451162965973882,0.0395394764632885,0.19774946999808127
0.051401081784597714,0.07218404075292295,0.07147550475555214
-0.09830991708300639,-0.08992513333661399,0.16918028672489446
-0.023890275953849245,-0.005910273735594884,0.5897432997860642
0.02503174330675079,0.044409768387651906,0.7589283735580801
0.1260905808663477,0.15227871669742482,-0.01768781940882061
-0.06562761455532934,-0.05092759157098266,0.3017344323857193
0.17371238259152275,0.20910754374160095,-0.05677401755569111
0.15466260768882595,0.18539264760757584,-0.25766247700226524
0.11923678609709683,0.14509083287685198,-0.2167526986297925
-0.15279844117720495,-0.16124845242408942,0.7094127654389663
0.07501405412694691,0.09699573243233439,0.2793449781393943
0.016169966202995097,0.03546735216647472,0.2497912080055468
-0.17320677787287825,-0.1887766642832956,0.5884798397099301
0.06665858993278988,0.08806572804202689,0.4066379131129958
0.0005238915001923567,0.019500135990839648,0.6423458466883677
0.0660873590838197,0.08770254641624833,0.3506966010446262
0.06334781447405298,0.08491555847244281,0.3581495967632123
-0.12756169635067985,-0.1290323020386414,0.5201213709444606
-0.016051558240735495,0.0017253831294425787,0.6140691269391573
0.21604009934896556,0.26468514923494235,0.6600311610845073
-0.05687477137358854,-0.042782581208886825,0.22171199893083657
0.15980731913746685,0.19165296161713152,0.10006572865932659
-0.058829933328605956,-0.0439851161704803,0.05865368472142859
0.0122656931670963,0.031145641995388697,-0.5425526331537073
-0.15049812628310255,-0.16032076098283887,0.6465821924189896
0.13882295897616917,0.1670515459600277,0.08461964569497359
0.07555831800163285,0.09744050934773073,0.4473475338570907
0.09046838286257336,0.1130611396615007,-0.4418082920341009
0.21045223239047187,0.2587622499231343,0.4549561010713521
0.11811189209795135,0.14281207069441504,-0.05826266734372838
0.018797032693258848,0.038343468098000856,0.353834780151387
0.05580779293987874,0.07616807065890949,0.16219992904905342
0.10449565753230683,0.1277572637209778,0.20859909115143113
-0.00590315588521337,0.012974907614569084,0.6045010163181939
0.07131101973722848,0.09311402271290688,0.4389179203656184
0.2030829899740415,0.24805241185823063,0.31903290786067623
-0.0662141447736932,-0.05214754727066953,0.5067087944260307
0.08833044002334763,0.11111756298178549,0.20139560811937365
0.04315929471204753,0.06374488003603683,0.7224961603871347
0.08272574923761873,0.10525146778741395,-0.5851057504459015
-0.08224137950188865,-0.0711826553554588,0.2221612593299403
0.0557700392676392,0.07650522263836637,-0.34028538225593247
0.27767575935537825,0.3694836280842584,0.12609862992353615
0.09850680102673463,0.12180529367782977,0.050017888089834345
0.153699246856225,0.1843828255045865,0.5951031933153645
0.25936389566532886,0.3461168758167837,0.431104276325747
0.04969741565401743,0.0705678291713667,0.47972017943093775
-0.07973260038373263,-0.06785935517618356,0.28128104670324916
-0.054518898975706116,-0.03950364766729764,0.2870675838954484
-0.033720556841478795,-0.016417714071062767,0.03197410404569329
-0.08679027933158447,-0.07648119116461215,0.11794031842078931
-0.09097121397833166,-0.0807669747646922,0.5348980436690083
0.02490776298067512,0.0446979438332909,0.5219941332957063
0.07571102428661676,0.09765069306653335,0.5874688491887728
-0.028138389643814286,-0.01066334713189928,0.7491346479518861
-0.01675676207955592,0.0012924998250637074,0.2871811182835456
0.01915260463149273,0.038641761421314105,-0.12923795359198673
0.08442184552422506,0.10642200579669457,0.5383391129065094
-0.019474913113505778,-0.0015304429232865027,0.21184156656701605
0.04809921885724344,0.06909389464535112,0.20273771342610603
0.07865452476344774,0.09998469120530935,0.2543359322197472
-0.0027785242256157436,0.015924806553025465,0.23033802094912575
-0.08885300385717129,-0.07794764686249116,0.22495337365989723
-0.03405029054876164,-0.017635114190558354,0.41652530217535694
0.06837299213752154,0.09024540070270409,0.22699884567706374
0.058531383234727875,0.07991238506307538,0.7527970034320475
-0.17515542866544015,-0.1974472300450622,0.5149808136498689
-0.011928113568794632,0.006538381486259202,0.029013390762483236
0.09610872362144184,0.11891116345763354,0.07942831053190107
0.017339410815173404,0.03712101684554642,0.07338146889056951
0.05516545268349017,0.07552381113247286,-0.08219880393578058
-0.11249848388983143,-0.10770667257758594,0.1579886802477367
-0.13983548684518074,-0.1452692908596101,-0.0957128647423202
0.10673557693962023,0.13020109456770573,0.25478421950271196
0.06926351946967942,0.09062041894750261,0.41134815079792586
0.053320336916289894,0.07414213502199016,-0.4807382545828136
0.03514037254928862,0.055109361467287184,0.28254429390639785
0.05096186869912904,0.07174014058588069,0.3188411012349863
-0.02838008866945264,-0.011503809756723639,0.0780568417131299
0.011256028687437934,0.030876203283772122,0.11593462888193554
-0.10561377854783291,-0.09902232767062409,0.30886387053650843
0.09809200823688174,0.12127959340727182,0.7367113010023821
0.03291344974391074,0.05304277025916639,-0.08165736745209785
0.00688809950001585,0.02646333042725095,0.6444625444410229
-0.01931218146779507,-0.0009786556975858313,0.37063142517757536
-0.01743508115506736,0.001060466656092482,0.4301520368357214
0.0782272572004246,0.10027931449032745,-0.17739313266669524
0.11451401600955333,0.13911392297228942,0.4138532246831125
0.03431406949199577,0.05402806592381002,0.2568681144070376
-0.17730433799224768,-0.1924831100088375,0.38673558099412003
0.062310871612055514,0.08357438840148798,0.4272253098843995
0.1604074249906417,0.19373423516865734,0.5365151239915135
0.14934334553571485,0.17853016224691648,0.35012246379077616
-0.14859442929446315,-0.15500400240888684,0.20871439223967123
0.02265443629529802,0.042384941921327864,0.3766003128250208
0.039555367455116903,0.05979945159306071,0.6316999576295138
0.1597760560142353,0.19106478746662942,0.23676406644291814
0.06203401113342228,0.08272768693786334,0.3151913618976371
-0.18279602875169845,-0.2084210989970257,0.6190709506139872
-0.02448633785558851,-0.007131598888187263,-0.5069402929236267
0.048279116635469736,0.06871569559260425,0.29392261297847544
0.26399410250909633,0.33976885365478726,0.41002488852909164
0.08433660770277995,0.1066221223703012,0.4296968564251338
-0.10632246715111897,-0.10042641329480177,0.2804835283772355
0.013083096112043573,0.032555865541953416,-0.035596596642548155
-0.04668468644353569,-0.031137373363599605,0.7128371804379982
0.0822578118662852,0.10478901226640858,0.6342230402284481
-0.05620850297478045,-0.04108192065001766,0.08087330740445363
0.28491596682464043,0.36607091855556867,0.42504173556509117
0.0172853225916991,0.037186080852221026,0.5725591592832122
0.17631307779636382,0.212413014506312,0.6892896587850036
0.033147767173054274,0.053401776099568365,0.22375044979662304
0.043908894330233685,0.06404627756701961,0.7238724487479836
0.020970876158419575,0.040787749007559534,0.656186209827134
0.10288902090118934,0.1263517012182494,0.30654711158628506
0.13777256929521065,0.16525657599796884,0.5725338717517174
0.10094103662060071,0.12362883122621098,0.3247087675706225
-0.06615305705679748,-0.052269918599784165,0.518019732991918
0.04075495857542687,0.06107873354868712,0.34439161999193457
0.07777210962637345,0.09949493706394613,-0.10321212284245128
0.024711045713051973,0.04456343565433588,0.4802690543821132
0.04017209690203429,0.06022780993610743,0.21247260869132706
0.130358539997228,0.15724351688299687,0.5220867059496368
0.04498064139775418,0.06557463887867347,0.01330654032207864
0.04585041960193776,0.06623015401240434,-0.4140403489250395
0.06655822378885162,0.08802155589665597,0.28738031242859685
-0.03422220786694719,-0.016914034326813307,0.38147535437506597
-0.13522151700375368,-0.13684067094478364,0.05248615369985105
0.016942368090459986,0.03648193637523398,0.15401897850178156
0.06444687548293264,0.08559879210770723,-0.21976872392593058
0.02959904921235637,0.04929520036244947,0.3873737002046133
-0.012778480002036283,0.005818637635920464,0.19332557396166197
0.0353329896794003,0.056067297431133284,-0.02530012225154382
-0.05503253384662264,-0.0398935016679324,0.29635756136184194
-0.05481930719165862,-0.03919923910029208,0.41655600668604215
-0.1435615638856464,-0.14862503602251187,0.48895736030788256
-0.0618230900077846,-0.046891694341792176,0.33577890290797446
-0.0850810320436029,-0.0751320955400558,0.27911898530983964
0.14566297709721263,0.17508000169531518,0.09595005675249908
-0.00827573836651562,0.00990435041492825,0.11174856903936548
0.10627118446341807,0.13085065281977498,-0.07125719615728209
0.015487017077121853,0.034673924425963905,-0.29866679542429236
0.14345527551967632,0.1714270093055683,-0.059412877299465885
-0.001164457424228062,0.018050163027187358,-0.17590564442417003
-0.002075562928249099,0.016687424389003454,-0.019869940464171124
-0.054148756087310554,-0.039345248043879455,0.15986195517147178
0.016363175880795843,0.03577873298253889,0.564459815786103
-0.0013953672427099567,0.017475140586696587,0.0361289417162641
-0.005810552165841822,0.01321691845512276,0.002959185880336309
-0.03417961905335937,-0.01687676976289272,-0.03792290347341308
0.11643921568844229,0.1413007118601246,0.4676264272523679
0.29150559784564517,0.39783991912703015,-0.3596312985849298
0.004278696821381138,0.023578926674289333,0.143425229061987
0.06738093094190893,0.08906617115243722,0.4215990854608766
0.08532103463990942,0.10768529562800505,0.10955679847797592
-0.12961938501071055,-0.13167360949563,0.2335077800388092
0.07230219621210658,0.09355077509375084,0.13965101904418145
-0.10400040491350727,-0.09670973051133037,0.7693738944954196
-0.027653827741997913,-0.010849214691579533,0.0851589571150294
0.01683976510558738,0.03689787066903632,0.6700265403180596
0.028172832415247945,0.048319096693691395,-0.4494775940691763
0.03923828074741882,0.05948425337578872,0.4971171670025198
0.05007489615407755,0.07128441164157437,0.11500529210234278
-0.05091515931166041,-0.035380978433621355,0.4631591421692843
-0.15740963511094788,-0.16930095289447916,0.471481971432886
0.016707308436626062,0.03638044425208261,0.3697924485568745
-0.04649498364361652,-0.03023706473911987,-0.07543517278083209
0.13106600954234984,0.15724587953326175,0.7181180653898371
-0.13900698448993945,-0.14109732800125607,0.4746590561166162
0.021022707998960728,0.04092546910056038,0.38009114346317574
0.06299457133534396,0.08385207188573549,0.16760922910116274
0.05827379312067705,0.07909879663871448,-0.50173592460841
0.13954989855100414,0.16750014360805213,0.4837515599290367
0.04192780230121203,0.061998258633985906,0.34988106239606165
-0.10408031324122378,-0.09772035662944546,0.7209986960467527
-0.04551092684515495,-0.02899064986423215,-0.0077968123576590345
-0.03823335547445169,-0.02151487340591035,-0.20502071571560737
-0.054131178803821775,-0.03869659141692207,0.676277732667341
0.11096345489574815,0.13571990109555132,0.5040054076484055
0.10252410284665092,0.12601661100103434,0.24333347008521394
0.07687453273052307,0.09822215167201666,0.6314814749411953
-0.023291707122696733,-0.005986352817236432,-0.3109542761835771
-0.06526771590656819,-0.05057504247728113,0.31928097534277056
0.0618614859865523,0.08243601096447425,-0.05218352076572153
-0.14668256340454341,-0.15186860815952985,0.26140438038239106
0.030877173379416516,0.05060618351846213,0.7214378631622008
0.04557509082492584,0.06618727606933142,0.694825748357664
0.2068300408973881,0.25297869646279963,-0.2659893204015676
-0.046955640309551114,-0.030905579945340267,0.29937883926230857
-0.07484975513570892,-0.06261652908128539,0.25093386428961384
-0.06194308055236438,-0.04818328497310061,0.013861000966900076
0.15225462151140787,0.18302021571129118,0.08994926046917184
-0.04992635344422087,-0.03426270442450689,0.049107050379294075
-0.08854115157152552,-0.07870820749716377,0.6901758601019481
0.09452723479525808,0.11730220624297444,-0.10557757615965474
-0.11154216702178585,-0.10657451588547469,0.4420871666261103
-0.01869725013352277,-0.00038371189343144874,0.5297353083589109
-0.09501435851092915,-0.08633347277186905,0.022878495085596737
-0.07378381552593961,-0.06096409803866336,0.22481968006909903
-0.0804896411269549,-0.06882376206264443,-0.07333198753636619
-0.07822790075289696,-0.0654418013633294,0.7074983560891157
0.02985410283227717,0.049500839145839526,-0.40052104794223986
0.26226386590972184,0.3394105363533949,0.472402630864961
0.08746241495881742,0.1101439465192689,0.46240170083678567
0.014517521660069168,0.03379737922326852,0.3103697044934032
0.06834999629410884,0.09032238058892127,0.6522712584411746
0.07762320302656513,0.10002701277140777,0.6133821912565585
-0.02147173800634194,-0.0034117253030710587,0.504870384957904
-0.12415166771732171,-0.12326076368787624,0.5647186955776017
-0.09106641194452024,-0.08038626142576553,-0.17736556440316822
0.06084385106538313,0.0819865274165917,-0.09954936611502205
0.09391473427049431,0.11715478848475233,0.4015990725948316
0.27556693196044146,0.3768367602157022,0.37203230926227115
0.08645479559551514,0.10863202603850355,0.35600805656529266
0.08339319690198814,0.10591782736103933,0.3384076204809641
0.05545729916230593,0.07635401935674843,0.11598098125682295
-0.08773212921041165,-0.07664541146954292,0.7753653471459566
0.155869777881827,0.18664168777128987,0.40852811795041677
-0.033919996176705346,-0.01718712772243576,0.7947613913551392
-0.030180439053121132,-0.012699823259011006,-0.33596108705222444
0.06719961935784104,0.08879895662062114,0.6672399178623828
-0.06699293867403242,-0.05310630640040184,0.31805271183341743
0.04165949499945799,0.06185466391716348,0.7344233768298349
0.0789251880728992,0.10125825708591206,-0.04637306876635207
-0.06345133411538911,-0.04889111010620664,0.32085648505506964
-0.041207189505380715,-0.025080118130032233,0.8104787498095952
0.14149201940733608,0.17050306940205356,-0.21100168383171497
-0.017738382691672598,0.0011769872172504789,0.22614827778489718
-0.0752175752064065,-0.06200720715661037,0.3657794963315552
0.07322136098099459,0.09463111427800253,-0.9246252303622555
0.004062026908129899,0.022896617872766985,0.5485268914874891
-0.07067948347503326,-0.05794051947845569,0.4412126695077544
0.18139568416952892,0.2196116392793797,0.553501958440621
0.05901384769028187,0.07977753334778304,0.08970598786263617
0.10868903303989898,0.13287702425657208,0.6312441459121426
-0.12834724441417167,-0.1269594880817873,0.29116173774411375
-0.17040868131044737,-0.19085844988784184,0.06224356517457161
0.049809104103848326,0.07028247565978238,0.20007674409999207
0.015493716460488374,0.03534962959087927,0.003653248049554708
0.25295727858932804,0.32359717362157403,0.4451923988420316
0.07714854459386009,0.09896794009542782,-0.0521419427661764
0.00816455080809731,0.02701511592359994,0.3757735069776849
-0.05072794095092522,-0.035275002520568755,0.410283858730416
0.10878289091367767,0.13287020438182323,0.36265484578244117
0.13270372723753332,0.1598938967527242,0.3162372455196324
-0.0371546405657629,-0.020146090607604528,0.33282630205818964
0.09527309520691878,0.11862511576896331,-0.11392562151395232
0.09576288787882126,0.11852570992560896,0.3244226270276413
-0.11463949263293381,-0.11048000155078012,0.13707975214442944
0.1180151875404121,0.1433426726810601,0.6463334626195305
-0.04496532999950143,-0.0288458754779123,0.34704072184229545
0.03799466028362548,0.05816515076556741,0.3739255503167331
0.15100246192088512,0.18051219577330785,0.4500338134672652
0.13391694329707854,0.16136328815522372,0.13316836355652506
-0.08499048383003621,-0.07467624479296989,0.4312364857504779
0.19160941136557885,0.2329061211270525,0.10720628952006321
0.033723495195539806,0.053885392080687926,0.2768100396753956
-0.011534937639809542,0.0068738707747766845,0.6061562711559406
-0.06032661572768341,-0.0459656939526336,0.35310285287702003
0.10094436400237301,0.12406141617928206,0.19952455212827758
0.0008040166019330591,0.019847360920886625,0.5685649090313462
-0.09289555094090432,-0.08235703756188152,0.27166517486495795
0.1443546854835826,0.17358593241287967,0.014747659530795602
-0.002265027457235637,0.016849555963587448,-0.3231153581049431
0.07089843432253881,0.09281442059650688,-0.04665687771321094
-0.08276929141678685,-0.07182527144149971,0.41727104397284975
0.05025823231137734,0.07084984221662832,0.0842751952217875
0.056954630973640244,0.07780898844817999,0.5998884487377913
0.039668979815186696,0.059748656580091486,-0.0693243777548963
0.10473456236398145,0.12815412325908043,-0.03507948218610179
-0.07723685989762351,-0.06557783664148908,0.11650818655375875
-0.1389187735773339,-0.14185622991201963,0.21662922489999265
0.17953462960777297,0.21597057794136093,-0.01759851947364184
0.1160826428116819,0.14025853174085878,0.3378567252823177
-0.03375344773049039,-0.016753824277230378,0.5209222120779768
-0.06556684062113319,-0.05177530666383555,0.02681778949372231
0.04128748880379654,0.06149283352191881,0.3179914795055865
0.08662283950467158,0.10890330340984476,0.5163588576007402
0.20904040883082678,0.2575797813619635,0.4610479953321729
-0.012082192344680328,0.006335100509757961,-0.05390588672380156
0.04270658864642088,0.0632563197030675,0.08969434424030405
0.12043307651357468,0.1452069424845167,0.1936440309270896
-0.10983984764268374,-0.10448832682470006,0.4827863524249005
0.16791398221703066,0.20250948581441636,-0.07801331672810466
0.14435085974657932,0.17260455143923054,-0.12014241948092842
0.1054249580163076,0.12935758849990792,0.41865054655260703
-0.12312513062839638,-0.11999275264990654,0.09459316556147009
-0.06482732336234676,-0.05078572256305747,0.29383478180704303
-0.04102103710481376,-0.024864880586315863,0.0014042653743060911
0.17662330138729293,0.21365396227558026,0.6524582969655859
0.03435476631861763,0.05451718865287397,-0.12989176946851597
0.023046228008268468,0.0431187973539346,0.5768006613072069
0.0039767733203323035,0.02268932330162173,0.8338611647283305
-0.034471302786949966,-0.017734993898320534,0.2576299755741669
-0.008633889584113838,0.00996762964744359,0.4209298203757282
0.09967403556777311,0.12304087883863175,0.3236395660991151
0.01640092779529476,0.036471939065133525,0.5885739675592347
0.09294549380464025,0.11594578964619813,0.2231230395317067
0.043603432761390754,0.06363428708181319,0.5001120302397296
0.0501720280480956,0.07081539235328552,0.306760497884712
0.12711414594754555,0.1536010782768459,-0.283429559796511
0.08657521357109234,0.10925732672487054,0.0236297400930823
0.11591290600588353,0.1408183034155892,0.3486738635047169
0.020716485349400973,0.04041588242034923,0.6348407158973813
0.042095646829182286,0.06207088690431247,0.8477144417504489
0.344094672352167,0.5826946203796576,0.2943929206091929
0.025816838108977416,0.04570813117683437,0.385532284034754
0.19568194160142321,0.2377095649713324,0.07754989288798693
0.062251726210092305,0.08318113413850564,0.5431205261368012
0.10292313590838302,0.12622197098121996,-0.16979610866359668
-0.00919645826889607,0.009050033734048876,0.09891228972414465
-0.1261009522064933,-0.12588019111249454,0.29575391747662116
-0.02471721116832258,-0.007092673132428562,-0.060162749306336416
0.08172848470040786,0.10380394718763483,0.21122875328073928
-0.021968140604610106,-0.004174922723625428,-0.025844544966776434
0.11777220762815445,0.14369922743748126,0.11358699436118136
0.14233495274282262,0.17063442810759868,0.015813309852335606
0.04684924132859875,0.06742153949119059,0.15333280783257303
-0.04081156090554914,-0.023887260366268745,0.6280345914499004
-0.03958004841747381,-0.02270640088071181,0.2007628370099628
0.03437218766629628,0.05469756474706436,0.5311711215504915
0.2151452909054863,0.26395750687051883,0.5627930685150786
0.07044301825161535,0.091688692020337,-0.09400718058819921
-0.11307129736512268,-0.10838513804018125,0.16313976745305944
0.016847346430424102,0.03641988148873606,0.30769998021393014
0.025022787032348278,0.04510588652808765,0.6020486791252578
0.14689187914710786,0.1764141528019046,0.6145619900591286
0.017567058873085423,0.03739740981388772,-0.12379544039240664
0.046254209127566275,0.06686184197162981,-0.24300072514515075
-0.0055044524949268885,0.013068724305303148,0.023025450996096326
0.18038554477001023,0.21869881840029243,0.41556680971920307
-0.10265397867112437,-0.09545247735015831,0.45893854201331985
-0.06777937960985878,-0.055388753450471104,0.0926055458985123
0.031228392854542816,0.05111720496368864,0.13340374313144485
0.040678104876622545,0.0610226510358156,0.21950212275447953
0.16823809669044218,0.2023555312019723,-0.02883936825970601
0.03901857929587576,0.059723442452655956,0.49640979077255754
0.04276106559797651,0.06310067233268236,0.31092908368529953
-0.031839847025487006,-0.014522752807247852,0.7046921428001239
0.07307681851060933,0.09493705355259657,-0.31205823741553496
0.12447046717092158,0.15057304079757905,0.4351349452898535
-0.010341293697225591,0.007855523740584874,0.33361642850954143
0.2565276142633378,0.3359835154527401,0.23878921948865797
0.06752007104983541,0.0893245707617703,0.26980705558715884
-0.02409338768378214,-0.005921096431146702,-0.10673545590956848
0.15163952933392558,0.1814458724399673,0.455701315616842
0.06249048088644624,0.08360300678867713,-0.7444133975929751
0.08793570922730279,0.10999416155628314,-0.3381435758645827
-0.24281321658781602,-0.29959018083555167,0.5167021338746498
0.18055272235501157,0.21793754222427592,0.016510193295942627
-0.09946402725078164,-0.09208529166080161,0.4230665096489798
-0.03098448929514291,-0.013806644643370974,0.18696805038753594
-0.0640835294258613,-0.04952270573844318,-0.011639863625507943
0.08477894829415339,0.10669602238675971,0.0788866915642503
0.12045499967888584,0.14547976281150987,0.2867899350819334
0.12229670553811059,0.14863665258096537,-0.29000087802256114
0.1280039051566638,0.15494238358275592,-0.03214994431849446
0.06583910329023687,0.08695329079705771,0.22108744101802769
-0.05468946055156525,-0.039587009932854536,0.34291979612025547
0.07800029000353745,0.09965890044208786,0.22261189084739202
-0.06929711058057827,-0.05569905121453221,-0.14801882851697362
0.10219254987346856,0.12520253400260623,0.41623175025262193
-0.012124835751143884,0.006469106603382541,0.4942661415651753
0.04677904923120975,0.06765222508324228,0.2988472342958347
0.023529737704404162,0.04369003097487956,0.20446621987983502
0.22355156579542884,0.27724504767339475,0.03570003819159634
0.049113358407252526,0.06966996634360394,0.6370531288069246
-0.14787225740850882,-0.154673119351381,0.5936428262300915
-0.009471986773712339,0.00910167198099774,0.12087508735675981
-0.009974658370788972,0.008531450281081536,0.4875155669355024
0.1194190241041745,0.14476816474878657,0.40052627200013335
0.03301576863080394,0.05301581447899786,0.4363013844840353
0.15961398668020307,0.19163247322329746,0.2290874355310597
0.11960532879826544,0.1452095289246214,0.21071136483009117
0.05059650751337539,0.07162571562851631,-0.13202208580964456
0.11357248463081553,0.1381863004596875,-0.0732616343618265
0.11481657057688313,0.13959140698202877,0.39002782097276856
0.20469541324782917,0.2520469713243043,0.548759043250659
-0.08611991300184216,-0.07528017725763221,0.25262626380765957
-0.06496106998252146,-0.05121245455432244,0.5819025756437599
0.04840894325660485,0.06877877203215349,-0.9486336948552042
-0.16180801232421382,-0.17178832709362124,-0.042083442463309896
-0.05162760452319621,-0.03604366360820262,0.5092114439777808
0.021240108176144638,0.04093059042340095,0.4023902482278754
-0.012360230516176749,0.006124615774355066,-0.3021931348925597
0.07498800623203004,0.09670987373202744,0.28289337276100557
-0.03980674440687385,-0.02295663337240507,0.5811383007772722
0.11979584388406003,0.14472460292385297,0.17210035078177763
0.25512112831353634,0.33104487127716864,0.6276774157323699
0.13515026737435726,0.16206422213808624,0.18233775315199377
0.02453939484323791,0.044518697567588805,0.3065809015001383
0.16128719660660845,0.19296197536448662,0.28115282843615447
0.13789169915970628,0.165153616774406,0.6190044502843307
0.023969266830952757,0.04338079467747754,0.17585877020602206
0.0007024333367773789,0.019773311898215108,0.6371158182708981
-0.14500882119315142,-0.14649461807052644,0.10816280506444781
0.07683788358817767,0.0991071349783949,0.701121484054429
0.20375552570269126,0.24539059960901405,0.21104520818879013
-0.07027808594855531,-0.05695488821333883,0.30661492260882434
0.04180237426906987,0.06267949018726243,0.6387334815882565
0.1944983311442877,0.23578069107748095,0.3602179683258886
-0.04762052768451321,-0.03192320000612987,0.5300831416695347
0.04233272635101634,0.06288677876718918,0.4730038265070996
0.034887043428738274,0.055042927986878785,0.6879642648605652
0.10748985522493411,0.13187868035677092,0.5772534207571909
0.05062750703046224,0.07132841255283136,0.7574196035600028
0.015544395488575285,0.03513631020170374,0.36126090295255053
-0.015688384027379435,0.0023983434196373776,0.09874940624936202
-0.017526669219740634,0.0007544366356260074,0.503722800504741
0.0159773594149575,0.03563598149388481,0.07374563085833333
0.03689444919449159,0.057095918402223,0.5255031689120331
-0.09515108174221544,-0.08557454467558222,0.30159064027685334
-0.10881496959638261,-0.10270842404106444,0.009845982329052603
0.2008746054243166,0.24618375208600657,0.6088562234787689
0.16690780711295278,0.1995648767976243,0.5708560289248154
